file,start,end,term
part3.zip:part3.txt,33,35,削除
part3.zip:part3.txt,1646,1648,確認
part3.zip:part3.txt,1984,1986,監視
part3.zip:part3.txt,2128,2130,確認
part3.zip:part3.txt,14477,14479,監視
part3.zip:part3.txt,70744,70746,確認
part3.zip:part3.txt,70976,70978,監視
part3.zip:part3.txt,71024,71026,確認
part3.zip:part3.txt,71582,71584,監視
part3.zip:part3.txt,71674,71676,削除
part3.zip:part3.txt,74134,74136,監視
part3.zip:part3.txt,74283,74285,監視
part3.zip:part3.txt,97116,97118,確認
part3.zip:part3.txt,97223,97225,確認
part3.zip:part3.txt,97604,97606,確認
part3.zip:part3.txt,97712,97714,監視
part3.zip:part3.txt,97784,97786,監視
part3.zip:part3.txt,97790,97792,確認
part3.zip:part3.txt,98013,98015,確認
part3.zip:part3.txt,98041,98043,監視
part3.zip:part3.txt,98069,98071,監視
part3.zip:part3.txt,98207,98209,監視
part3.zip:part3.txt,98240,98242,確認
part3.zip:part3.txt,100621,100623,設定
part3.zip:part3.txt,100676,100678,許可
part3.zip:part3.txt,101125,101127,監視
part3.zip:part3.txt,103178,103180,監視
part3.zip:part3.txt,104167,104169,共有
part3.zip:part3.txt,104324,104326,設定
part3.zip:part3.txt,106679,106681,確認
part3.zip:part3.txt,106684,106686,確認
part3.zip:part3.txt,109086,109088,確認
part3.zip:part3.txt,109091,109093,確認
part3.zip:part3.txt,112802,112804,確認
part3.zip:part3.txt,112807,112809,確認
part3.zip:part3.txt,121351,121353,確認
part3.zip:part3.txt,122411,122413,確認
part3.zip:part3.txt,122611,122613,確認
part3.zip:part3.txt,125879,125881,確認
part3.zip:part3.txt,126079,126081,確認
part3.zip:part3.txt,132519,132521,監視
part3.zip:part3.txt,133076,133078,監視
part3.zip:part3.txt,135113,135115,確認
part3.zip:part3.txt,135260,135262,確認
part3.zip:part3.txt,137481,137483,確認
part3.zip:part3.txt,139601,139603,確認
part3.zip:part3.txt,142831,142833,設定
part3.zip:part3.txt,143149,143151,設定
part3.zip:part3.txt,143183,143185,設定
part3.zip:part3.txt,143194,143196,監視
part3.zip:part3.txt,143211,143213,設定
part3.zip:part3.txt,144703,144705,確認
part3.zip:part3.txt,148078,148080,確認
part3.zip:part3.txt,156842,156844,確認
part3.zip:part3.txt,159522,159524,確認
part3.zip:part3.txt,181217,181219,設定
part3.zip:part3.txt,181267,181269,削除
part3.zip:part3.txt,181347,181349,監視
part3.zip:part3.txt,183387,183389,確認
part3.zip:part3.txt,185312,185314,確認
part3.zip:part3.txt,189090,189092,許可
part3.zip:part3.txt,190388,190390,確認
part3.zip:part3.txt,192625,192627,確認
part3.zip:part3.txt,196594,196596,復元
part3.zip:part3.txt,198480,198482,復元
part3.zip:part3.txt,200988,200990,復元
part3.zip:part3.txt,203785,203787,復元
part3.zip:part3.txt,204479,204481,復元
part3.zip:part3.txt,206314,206316,確認
part3.zip:part3.txt,206394,206396,確認
part3.zip:part3.txt,207619,207621,確認
part3.zip:part3.txt,207858,207860,確認
part3.zip:part3.txt,208386,208388,確認
part3.zip:part3.txt,208466,208468,確認
part3.zip:part3.txt,208945,208947,確認
part3.zip:part3.txt,209188,209190,確認
part3.zip:part3.txt,210172,210174,確認
part3.zip:part3.txt,210956,210958,確認
part3.zip:part3.txt,212427,212429,削除
part3.zip:part3.txt,212476,212478,確認
part3.zip:part3.txt,213520,213522,確認
part3.zip:part3.txt,215648,215650,確認
part3.zip:part3.txt,218887,218889,復元
part3.zip:part3.txt,218917,218919,復元
part3.zip:part3.txt,219622,219624,確認
part3.zip:part3.txt,231580,231582,確認
part3.zip:part3.txt,240021,240023,確認
part3.zip:part3.txt,240548,240550,追跡
part3.zip:part3.txt,242577,242579,確認
part3.zip:part3.txt,242706,242708,確認
part3.zip:part3.txt,244868,244870,確認
part3.zip:part3.txt,257484,257486,確認
part3.zip:part3.txt,270172,270174,確認
part3.zip:part3.txt,270378,270380,設定
part3.zip:part3.txt,271055,271057,設定
part3.zip:part3.txt,271117,271119,設定
part3.zip:part3.txt,271567,271569,追跡
part3.zip:part3.txt,272762,272764,確認
part3.zip:part3.txt,273012,273014,監視
part3.zip:part3.txt,274062,274064,監視
