batch,file,hit_term,pos
27000-28359,part3.zip:part3.txt,削除,33
27000-28359,part3.zip:part3.txt,確認,1646
27000-28359,part3.zip:part3.txt,監視,1984
27000-28359,part3.zip:part3.txt,可能性,2035
27000-28359,part3.zip:part3.txt,確認,2128
27000-28359,part3.zip:part3.txt,可能性,2191
27000-28359,part3.zip:part3.txt,可能性,2285
27000-28359,part3.zip:part3.txt,アクセス,14453
27000-28359,part3.zip:part3.txt,監視,14477
27000-28359,part3.zip:part3.txt,確認,70744
27000-28359,part3.zip:part3.txt,アクセス,70926
27000-28359,part3.zip:part3.txt,同期,70961
27000-28359,part3.zip:part3.txt,監視,70976
27000-28359,part3.zip:part3.txt,確認,71024
27000-28359,part3.zip:part3.txt,アクセス,71467
27000-28359,part3.zip:part3.txt,監視,71582
27000-28359,part3.zip:part3.txt,削除,71674
27000-28359,part3.zip:part3.txt,アクセス,73516
27000-28359,part3.zip:part3.txt,同期,73558
27000-28359,part3.zip:part3.txt,位置情報,73883
27000-28359,part3.zip:part3.txt,同期,73961
27000-28359,part3.zip:part3.txt,監視,74134
27000-28359,part3.zip:part3.txt,監視,74283
27000-28359,part3.zip:part3.txt,確認,97116
27000-28359,part3.zip:part3.txt,確認,97223
27000-28359,part3.zip:part3.txt,確認,97604
27000-28359,part3.zip:part3.txt,監視,97712
27000-28359,part3.zip:part3.txt,監視,97784
27000-28359,part3.zip:part3.txt,確認,97790
27000-28359,part3.zip:part3.txt,確認,98013
27000-28359,part3.zip:part3.txt,監視,98041
27000-28359,part3.zip:part3.txt,監視,98069
27000-28359,part3.zip:part3.txt,同期,98106
27000-28359,part3.zip:part3.txt,監視,98207
27000-28359,part3.zip:part3.txt,確認,98240
27000-28359,part3.zip:part3.txt,可能性,99897
27000-28359,part3.zip:part3.txt,同期,100194
27000-28359,part3.zip:part3.txt,同期,100387
27000-28359,part3.zip:part3.txt,設定,100621
27000-28359,part3.zip:part3.txt,許可,100676
27000-28359,part3.zip:part3.txt,検証,100716
27000-28359,part3.zip:part3.txt,アクセス,100780
27000-28359,part3.zip:part3.txt,アクセス,100985
27000-28359,part3.zip:part3.txt,同期,101012
27000-28359,part3.zip:part3.txt,可能性,101110
27000-28359,part3.zip:part3.txt,監視,101125
27000-28359,part3.zip:part3.txt,可能性,101150
27000-28359,part3.zip:part3.txt,同期,101176
27000-28359,part3.zip:part3.txt,可能性,101233
27000-28359,part3.zip:part3.txt,可能性,102266
27000-28359,part3.zip:part3.txt,監視,103178
27000-28359,part3.zip:part3.txt,可能性,103353
27000-28359,part3.zip:part3.txt,アクセス,103530
27000-28359,part3.zip:part3.txt,可能性,103620
27000-28359,part3.zip:part3.txt,可能性,103660
27000-28359,part3.zip:part3.txt,共有,104167
27000-28359,part3.zip:part3.txt,可能性,104189
27000-28359,part3.zip:part3.txt,可能性,104267
27000-28359,part3.zip:part3.txt,設定,104324
27000-28359,part3.zip:part3.txt,確認,106679
27000-28359,part3.zip:part3.txt,確認,106684
27000-28359,part3.zip:part3.txt,確認,109086
27000-28359,part3.zip:part3.txt,確認,109091
27000-28359,part3.zip:part3.txt,確認,112802
27000-28359,part3.zip:part3.txt,確認,112807
27000-28359,part3.zip:part3.txt,可能性,121255
27000-28359,part3.zip:part3.txt,確認,121351
27000-28359,part3.zip:part3.txt,確認,122411
27000-28359,part3.zip:part3.txt,確認,122611
27000-28359,part3.zip:part3.txt,確認,125879
27000-28359,part3.zip:part3.txt,確認,126079
27000-28359,part3.zip:part3.txt,監視,132519
27000-28359,part3.zip:part3.txt,可能性,132631
27000-28359,part3.zip:part3.txt,可能性,132855
27000-28359,part3.zip:part3.txt,監視,133076
27000-28359,part3.zip:part3.txt,確認,135113
27000-28359,part3.zip:part3.txt,確認,135260
27000-28359,part3.zip:part3.txt,確認,137481
27000-28359,part3.zip:part3.txt,確認,139601
27000-28359,part3.zip:part3.txt,設定,142831
27000-28359,part3.zip:part3.txt,同期,143113
27000-28359,part3.zip:part3.txt,可能性,143138
27000-28359,part3.zip:part3.txt,設定,143149
27000-28359,part3.zip:part3.txt,設定,143183
27000-28359,part3.zip:part3.txt,監視,143194
27000-28359,part3.zip:part3.txt,設定,143211
27000-28359,part3.zip:part3.txt,確認,144703
27000-28359,part3.zip:part3.txt,確認,148078
27000-28359,part3.zip:part3.txt,確認,156842
27000-28359,part3.zip:part3.txt,確認,159522
27000-28359,part3.zip:part3.txt,設定,181217
27000-28359,part3.zip:part3.txt,削除,181267
27000-28359,part3.zip:part3.txt,監視,181347
27000-28359,part3.zip:part3.txt,確認,183387
27000-28359,part3.zip:part3.txt,確認,185312
27000-28359,part3.zip:part3.txt,許可,189090
27000-28359,part3.zip:part3.txt,可能性,189344
27000-28359,part3.zip:part3.txt,確認,190388
27000-28359,part3.zip:part3.txt,確認,192625
27000-28359,part3.zip:part3.txt,復元,196594
27000-28359,part3.zip:part3.txt,復元,198480
27000-28359,part3.zip:part3.txt,復元,200988
27000-28359,part3.zip:part3.txt,復元,203785
27000-28359,part3.zip:part3.txt,復元,204479
27000-28359,part3.zip:part3.txt,確認,206314
27000-28359,part3.zip:part3.txt,確認,206394
27000-28359,part3.zip:part3.txt,確認,207619
27000-28359,part3.zip:part3.txt,確認,207858
27000-28359,part3.zip:part3.txt,確認,208386
27000-28359,part3.zip:part3.txt,確認,208466
27000-28359,part3.zip:part3.txt,確認,208945
27000-28359,part3.zip:part3.txt,確認,209188
27000-28359,part3.zip:part3.txt,確認,210172
27000-28359,part3.zip:part3.txt,確認,210956
27000-28359,part3.zip:part3.txt,可能性,212332
27000-28359,part3.zip:part3.txt,削除,212427
27000-28359,part3.zip:part3.txt,確認,212476
27000-28359,part3.zip:part3.txt,確認,213520
27000-28359,part3.zip:part3.txt,確認,215648
27000-28359,part3.zip:part3.txt,復元,218887
27000-28359,part3.zip:part3.txt,復元,218917
27000-28359,part3.zip:part3.txt,確認,219622
27000-28359,part3.zip:part3.txt,通信,219744
27000-28359,part3.zip:part3.txt,通信,219823
27000-28359,part3.zip:part3.txt,通信,219854
27000-28359,part3.zip:part3.txt,可能性,219875
27000-28359,part3.zip:part3.txt,通信,219999
27000-28359,part3.zip:part3.txt,通信,220156
27000-28359,part3.zip:part3.txt,確認,231580
27000-28359,part3.zip:part3.txt,確認,240021
27000-28359,part3.zip:part3.txt,通信,240286
27000-28359,part3.zip:part3.txt,通信,240433
27000-28359,part3.zip:part3.txt,追跡,240548
27000-28359,part3.zip:part3.txt,確認,242577
27000-28359,part3.zip:part3.txt,確認,242706
27000-28359,part3.zip:part3.txt,確認,244868
27000-28359,part3.zip:part3.txt,確認,257484
27000-28359,part3.zip:part3.txt,確認,270172
27000-28359,part3.zip:part3.txt,設定,270378
27000-28359,part3.zip:part3.txt,設定,271055
27000-28359,part3.zip:part3.txt,設定,271117
27000-28359,part3.zip:part3.txt,通信,271319
27000-28359,part3.zip:part3.txt,追跡,271567
27000-28359,part3.zip:part3.txt,確認,272762
27000-28359,part3.zip:part3.txt,可能性,272911
27000-28359,part3.zip:part3.txt,監視,273012
27000-28359,part3.zip:part3.txt,監視,274062
27000-28359,part3.zip:part3.txt,可能性,274154
27000-28359,part3.zip:part3.txt,確認,274323
27000-28359,part3.zip:part3.txt,監視,274715
27000-28359,part3.zip:part3.txt,通信,274731
27000-28359,part3.zip:part3.txt,可能性,274854
27000-28359,part3.zip:part3.txt,削除,274927
27000-28359,part3.zip:part3.txt,確認,275122
27000-28359,part3.zip:part3.txt,可能性,275147
27000-28359,part3.zip:part3.txt,可能性,304130
27000-28359,part3.zip:part3.txt,可能性,304202
27000-28359,part3.zip:part3.txt,通信,317026
27000-28359,part3.zip:part3.txt,通信,317201
27000-28359,part3.zip:part3.txt,検証,317625
27000-28359,part3.zip:part3.txt,認証,317672
27000-28359,part3.zip:part3.txt,可能性,317723
27000-28359,part3.zip:part3.txt,可能性,318098
27000-28359,part3.zip:part3.txt,可能性,318494
27000-28359,part3.zip:part3.txt,削除,328009
27000-28359,part3.zip:part3.txt,確認,329503
27000-28359,part3.zip:part3.txt,確認,329660
27000-28359,part3.zip:part3.txt,確認,332179
27000-28359,part3.zip:part3.txt,確認,334176
27000-28359,part3.zip:part3.txt,確認,336325
27000-28359,part3.zip:part3.txt,通信,336480
27000-28359,part3.zip:part3.txt,確認,336815
27000-28359,part3.zip:part3.txt,確認,337965
27000-28359,part3.zip:part3.txt,確認,340147
27000-28359,part3.zip:part3.txt,確認,346738
27000-28359,part3.zip:part3.txt,設定,358844
27000-28359,part3.zip:part3.txt,通信,359290
27000-28359,part3.zip:part3.txt,通信,359333
27000-28359,part3.zip:part3.txt,監視,359571
27000-28359,part3.zip:part3.txt,可能性,359613
27000-28359,part3.zip:part3.txt,通信,359670
27000-28359,part3.zip:part3.txt,通信,360250
27000-28359,part3.zip:part3.txt,追跡,360268
27000-28359,part3.zip:part3.txt,可能性,360297
27000-28359,part3.zip:part3.txt,確認,361201
27000-28359,part3.zip:part3.txt,監視,362074
27000-28359,part3.zip:part3.txt,追跡,362129
27000-28359,part3.zip:part3.txt,監視,362568
27000-28359,part3.zip:part3.txt,可能性,362763
27000-28359,part3.zip:part3.txt,確認,363117
27000-28359,part3.zip:part3.txt,通信,363322
27000-28359,part3.zip:part3.txt,確認,363723
27000-28359,part3.zip:part3.txt,退避,364135
27000-28359,part3.zip:part3.txt,設定,364229
27000-28359,part3.zip:part3.txt,監視,366172
27000-28359,part3.zip:part3.txt,可能性,366208
27000-28359,part3.zip:part3.txt,可能性,366547
27000-28359,part3.zip:part3.txt,可能性,366926
27000-28359,part3.zip:part3.txt,監視,366965
27000-28359,part3.zip:part3.txt,可能性,367004
27000-28359,part3.zip:part3.txt,通信,369101
27000-28359,part3.zip:part3.txt,通信,369295
27000-28359,part3.zip:part3.txt,監視,369461
27000-28359,part3.zip:part3.txt,追跡,369473
27000-28359,part3.zip:part3.txt,監視,369910
27000-28359,part3.zip:part3.txt,可能性,369942
27000-28359,part3.zip:part3.txt,通信,369956
27000-28359,part3.zip:part3.txt,通信,370345
27000-28359,part3.zip:part3.txt,通信,370456
27000-28359,part3.zip:part3.txt,通信,390282
27000-28359,part3.zip:part3.txt,通信,390378
27000-28359,part3.zip:part3.txt,通信,390497
27000-28359,part3.zip:part3.txt,通信,390608
27000-28359,part3.zip:part3.txt,通信,390688
27000-28359,part3.zip:part3.txt,通信,390703
27000-28359,part3.zip:part3.txt,通信,392601
27000-28359,part3.zip:part3.txt,削除,392638
27000-28359,part3.zip:part3.txt,通信,392698
27000-28359,part3.zip:part3.txt,通信,392764
27000-28359,part3.zip:part3.txt,通信,392816
27000-28359,part3.zip:part3.txt,設定,394605
27000-28359,part3.zip:part3.txt,確認,394693
27000-28359,part3.zip:part3.txt,設定,396996
27000-28359,part3.zip:part3.txt,確認,397096
27000-28359,part3.zip:part3.txt,設定,398635
27000-28359,part3.zip:part3.txt,確認,398735
27000-28359,part3.zip:part3.txt,検証,406954
27000-28359,part3.zip:part3.txt,検証,407470
27000-28359,part3.zip:part3.txt,可能性,407613
27000-28359,part3.zip:part3.txt,通信,407671
27000-28359,part3.zip:part3.txt,遮断,407673
27000-28359,part3.zip:part3.txt,通信,407861
27000-28359,part3.zip:part3.txt,通信,407916
27000-28359,part3.zip:part3.txt,可能性,407930
27000-28359,part3.zip:part3.txt,通信,408196
27000-28359,part3.zip:part3.txt,削除,408213
27000-28359,part3.zip:part3.txt,通信,408262
27000-28359,part3.zip:part3.txt,遮断,408265
27000-28359,part3.zip:part3.txt,設定,410072
27000-28359,part3.zip:part3.txt,確認,410162
27000-28359,part3.zip:part3.txt,設定,412483
27000-28359,part3.zip:part3.txt,確認,412578
27000-28359,part3.zip:part3.txt,設定,414134
27000-28359,part3.zip:part3.txt,確認,414229
27000-28359,part3.zip:part3.txt,確認,416187
27000-28359,part3.zip:part3.txt,確認,416294
27000-28359,part3.zip:part3.txt,確認,418654
27000-28359,part3.zip:part3.txt,確認,418761
27000-28359,part3.zip:part3.txt,通信,422428
27000-28359,part3.zip:part3.txt,設定,422770
27000-28359,part3.zip:part3.txt,設定,423189
27000-28359,part3.zip:part3.txt,通信,423192
27000-28359,part3.zip:part3.txt,追跡,423395
27000-28359,part3.zip:part3.txt,削除,423409
27000-28359,part3.zip:part3.txt,通信,423482
27000-28359,part3.zip:part3.txt,設定,423608
27000-28359,part3.zip:part3.txt,位置情報,423626
27000-28359,part3.zip:part3.txt,確認,424768
27000-28359,part3.zip:part3.txt,可能性,424917
27000-28359,part3.zip:part3.txt,監視,425018
27000-28359,part3.zip:part3.txt,監視,426305
27000-28359,part3.zip:part3.txt,監視,426563
27000-28359,part3.zip:part3.txt,削除,426902
27000-28359,part3.zip:part3.txt,追跡,446234
27000-28359,part3.zip:part3.txt,監視,446257
27000-28359,part3.zip:part3.txt,追跡,446429
27000-28359,part3.zip:part3.txt,監視,446788
27000-28359,part3.zip:part3.txt,位置情報,447062
27000-28359,part3.zip:part3.txt,監視,447072
27000-28359,part3.zip:part3.txt,通信,447201
27000-28359,part3.zip:part3.txt,通信,447348
27000-28359,part3.zip:part3.txt,監視,447457
27000-28359,part3.zip:part3.txt,可能性,447526
27000-28359,part3.zip:part3.txt,可能性,447620
27000-28359,part3.zip:part3.txt,可能性,447742
27000-28359,part3.zip:part3.txt,削除,448110
27000-28359,part3.zip:part3.txt,遮断,460909
27000-28359,part3.zip:part3.txt,通信,461554
27000-28359,part3.zip:part3.txt,検証,461843
27000-28359,part3.zip:part3.txt,同期,461853
27000-28359,part3.zip:part3.txt,可能性,461928
27000-28359,part3.zip:part3.txt,通信,462293
27000-28359,part3.zip:part3.txt,可能性,462318
27000-28359,part3.zip:part3.txt,削除,462646
27000-28359,part3.zip:part3.txt,追跡,462831
27000-28359,part3.zip:part3.txt,通信,462891
27000-28359,part3.zip:part3.txt,確認,465047
27000-28359,part3.zip:part3.txt,確認,467435
27000-28359,part3.zip:part3.txt,確認,469126
27000-28359,part3.zip:part3.txt,確認,471011
27000-28359,part3.zip:part3.txt,通信,471269
27000-28359,part3.zip:part3.txt,通信,471295
27000-28359,part3.zip:part3.txt,アクセス,471323
27000-28359,part3.zip:part3.txt,通信,471343
27000-28359,part3.zip:part3.txt,可能性,471371
27000-28359,part3.zip:part3.txt,検証,471447
27000-28359,part3.zip:part3.txt,通信,471463
27000-28359,part3.zip:part3.txt,検証,471487
27000-28359,part3.zip:part3.txt,通信,471496
27000-28359,part3.zip:part3.txt,通信,471531
27000-28359,part3.zip:part3.txt,可能性,471562
27000-28359,part3.zip:part3.txt,設定,471708
27000-28359,part3.zip:part3.txt,監視,471733
27000-28359,part3.zip:part3.txt,可能性,471890
27000-28359,part3.zip:part3.txt,通信,472412
27000-28359,part3.zip:part3.txt,遮断,472415
27000-28359,part3.zip:part3.txt,可能性,472715
27000-28359,part3.zip:part3.txt,監視,472802
27000-28359,part3.zip:part3.txt,可能性,473373
27000-28359,part3.zip:part3.txt,通信,475446
27000-28359,part3.zip:part3.txt,可能性,475781
27000-28359,part3.zip:part3.txt,通信,475986
27000-28359,part3.zip:part3.txt,通信,476431
27000-28359,part3.zip:part3.txt,確認,482869
27000-28359,part3.zip:part3.txt,確認,482992
27000-28359,part3.zip:part3.txt,遮断,483006
27000-28359,part3.zip:part3.txt,通信,483051
27000-28359,part3.zip:part3.txt,確認,483055
27000-28359,part3.zip:part3.txt,確認,489337
27000-28359,part3.zip:part3.txt,確認,489437
27000-28359,part3.zip:part3.txt,確認,490681
27000-28359,part3.zip:part3.txt,確認,490781
27000-28359,part3.zip:part3.txt,確認,492348
27000-28359,part3.zip:part3.txt,可能性,506121
27000-28359,part3.zip:part3.txt,アクセス,506569
27000-28359,part3.zip:part3.txt,確認,506632
27000-28359,part3.zip:part3.txt,退避,508839
27000-28359,part3.zip:part3.txt,可能性,508954
27000-28359,part3.zip:part3.txt,通信,508966
27000-28359,part3.zip:part3.txt,遮断,510355
27000-28359,part3.zip:part3.txt,遮断,510433
27000-28359,part3.zip:part3.txt,可能性,510527
27000-28359,part3.zip:part3.txt,遮断,510572
27000-28359,part3.zip:part3.txt,遮断,510659
27000-28359,part3.zip:part3.txt,監視,510662
27000-28359,part3.zip:part3.txt,追跡,510665
27000-28359,part3.zip:part3.txt,設定,533335
27000-28359,part3.zip:part3.txt,設定,533403
27000-28359,part3.zip:part3.txt,監視,534089
27000-28359,part3.zip:part3.txt,可能性,534113
27000-28359,part3.zip:part3.txt,追跡,534369
27000-28359,part3.zip:part3.txt,可能性,534444
27000-28359,part3.zip:part3.txt,通信,549243
27000-28359,part3.zip:part3.txt,通信,549263
27000-28359,part3.zip:part3.txt,遮断,549271
27000-28359,part3.zip:part3.txt,可能性,549285
27000-28359,part3.zip:part3.txt,監視,549481
27000-28359,part3.zip:part3.txt,可能性,549768
27000-28359,part3.zip:part3.txt,通信,550198
27000-28359,part3.zip:part3.txt,設定,550201
27000-28359,part3.zip:part3.txt,通信,550220
27000-28359,part3.zip:part3.txt,可能性,550287
27000-28359,part3.zip:part3.txt,可能性,568214
27000-28359,part3.zip:part3.txt,可能性,568801
27000-28359,part3.zip:part3.txt,監視,568844
27000-28359,part3.zip:part3.txt,確認,568962
27000-28359,part3.zip:part3.txt,確認,579885
27000-28359,part3.zip:part3.txt,確認,582362
27000-28359,part3.zip:part3.txt,設定,586716
27000-28359,part3.zip:part3.txt,確認,588890
27000-28359,part3.zip:part3.txt,確認,590049
27000-28359,part3.zip:part3.txt,確認,592483
27000-28359,part3.zip:part3.txt,確認,595986
27000-28359,part3.zip:part3.txt,確認,596016
27000-28359,part3.zip:part3.txt,通信,596098
27000-28359,part3.zip:part3.txt,設定,596133
27000-28359,part3.zip:part3.txt,可能性,596177
27000-28359,part3.zip:part3.txt,設定,613392
27000-28359,part3.zip:part3.txt,アクセス,613430
27000-28359,part3.zip:part3.txt,可能性,613447
27000-28359,part3.zip:part3.txt,通信,613519
27000-28359,part3.zip:part3.txt,通信,613604
27000-28359,part3.zip:part3.txt,通信,613662
27000-28359,part3.zip:part3.txt,確認,615000
27000-28359,part3.zip:part3.txt,可能性,620642
27000-28359,part3.zip:part3.txt,可能性,620869
27000-28359,part3.zip:part3.txt,可能性,620958
27000-28359,part3.zip:part3.txt,確認,621059
27000-28359,part3.zip:part3.txt,確認,621107
27000-28359,part3.zip:part3.txt,確認,621262
27000-28359,part3.zip:part3.txt,確認,621362
27000-28359,part3.zip:part3.txt,確認,621404
27000-28359,part3.zip:part3.txt,確認,623769
27000-28359,part3.zip:part3.txt,アクセス,623951
27000-28359,part3.zip:part3.txt,復元,624136
27000-28359,part3.zip:part3.txt,可能性,624245
27000-28359,part3.zip:part3.txt,可能性,624305
27000-28359,part3.zip:part3.txt,確認,624374
27000-28359,part3.zip:part3.txt,アクセス,624394
27000-28359,part3.zip:part3.txt,確認,624425
27000-28359,part3.zip:part3.txt,可能性,624537
27000-28359,part3.zip:part3.txt,アクセス,624587
27000-28359,part3.zip:part3.txt,可能性,632413
27000-28359,part3.zip:part3.txt,削除,632490
27000-28359,part3.zip:part3.txt,削除,632527
27000-28359,part3.zip:part3.txt,削除,632551
27000-28359,part3.zip:part3.txt,削除,632596
27000-28359,part3.zip:part3.txt,同期,632614
27000-28359,part3.zip:part3.txt,削除,632644
27000-28359,part3.zip:part3.txt,削除,632702
27000-28359,part3.zip:part3.txt,削除,632798
27000-28359,part3.zip:part3.txt,確認,632931
27000-28359,part3.zip:part3.txt,削除,633044
27000-28359,part3.zip:part3.txt,削除,633102
27000-28359,part3.zip:part3.txt,監視,635643
27000-28359,part3.zip:part3.txt,削除,635898
27000-28359,part3.zip:part3.txt,確認,636104
27000-28359,part3.zip:part3.txt,確認,636206
27000-28359,part3.zip:part3.txt,位置情報,640322
27000-28359,part3.zip:part3.txt,通信,640334
27000-28359,part3.zip:part3.txt,監視,640338
27000-28359,part3.zip:part3.txt,設定,640593
27000-28359,part3.zip:part3.txt,アクセス,640606
27000-28359,part3.zip:part3.txt,可能性,640613
27000-28359,part3.zip:part3.txt,設定,641366
27000-28359,part3.zip:part3.txt,確認,641422
27000-28359,part3.zip:part3.txt,削除,641435
27000-28359,part3.zip:part3.txt,確認,664008
27000-28359,part3.zip:part3.txt,可能性,664277
27000-28359,part3.zip:part3.txt,通信,664352
27000-28359,part3.zip:part3.txt,確認,734015
27000-28359,part3.zip:part3.txt,監視,734281
27000-28359,part3.zip:part3.txt,監視,734292
27000-28359,part3.zip:part3.txt,可能性,734295
27000-28359,part3.zip:part3.txt,位置情報,734359
27000-28359,part3.zip:part3.txt,監視,734466
27000-28359,part3.zip:part3.txt,監視,776049
27000-28359,part3.zip:part3.txt,監視,776060
27000-28359,part3.zip:part3.txt,位置情報,776195
27000-28359,part3.zip:part3.txt,可能性,776472
27000-28359,part3.zip:part3.txt,監視,776519
27000-28359,part3.zip:part3.txt,可能性,776533
27000-28359,part3.zip:part3.txt,監視,784918
27000-28359,part3.zip:part3.txt,可能性,784970
27000-28359,part3.zip:part3.txt,追跡,785065
27000-28359,part3.zip:part3.txt,同期,785101
27000-28359,part3.zip:part3.txt,認証,791170
27000-28359,part3.zip:part3.txt,認証,793470
27000-28359,part3.zip:part3.txt,認証,793477
27000-28359,part3.zip:part3.txt,認証,794225
27000-28359,part3.zip:part3.txt,認証,794340
27000-28359,part3.zip:part3.txt,認証,794349
27000-28359,part3.zip:part3.txt,設定,794929
27000-28359,part3.zip:part3.txt,認証,795602
27000-28359,part3.zip:part3.txt,設定,795766
27000-28359,part3.zip:part3.txt,認証,798421
27000-28359,part3.zip:part3.txt,通信,800333
27000-28359,part3.zip:part3.txt,通信,800365
27000-28359,part3.zip:part3.txt,認証,800512
27000-28359,part3.zip:part3.txt,通信,800727
27000-28359,part3.zip:part3.txt,通信,800836
27000-28359,part3.zip:part3.txt,確認,800889
27000-28359,part3.zip:part3.txt,認証,801883
27000-28359,part3.zip:part3.txt,認証,802752
27000-28359,part3.zip:part3.txt,削除,803223
27000-28359,part3.zip:part3.txt,設定,803238
27000-28359,part3.zip:part3.txt,削除,803259
27000-28359,part3.zip:part3.txt,設定,803280
27000-28359,part3.zip:part3.txt,可能性,803377
27000-28359,part3.zip:part3.txt,検証,803407
27000-28359,part3.zip:part3.txt,設定,803647
27000-28359,part3.zip:part3.txt,可能性,803698
27000-28359,part3.zip:part3.txt,認証,803730
27000-28359,part3.zip:part3.txt,認証,803747
27000-28359,part3.zip:part3.txt,同期,803784
27000-28359,part3.zip:part3.txt,認証,803874
27000-28359,part3.zip:part3.txt,認証,804012
27000-28359,part3.zip:part3.txt,設定,804091
27000-28359,part3.zip:part3.txt,可能性,805762
27000-28359,part3.zip:part3.txt,認証,805823
27000-28359,part3.zip:part3.txt,監視,806044
27000-28359,part3.zip:part3.txt,共有,806235
27000-28359,part3.zip:part3.txt,アクセス,806544
27000-28359,part3.zip:part3.txt,認証,806560
27000-28359,part3.zip:part3.txt,確認,806569
27000-28359,part3.zip:part3.txt,削除,806586
27000-28359,part3.zip:part3.txt,復元,806728
27000-28359,part3.zip:part3.txt,復元,806763
27000-28359,part3.zip:part3.txt,認証,806833
27000-28359,part3.zip:part3.txt,認証,807069
27000-28359,part3.zip:part3.txt,確認,807132
27000-28359,part3.zip:part3.txt,通信,809155
27000-28359,part3.zip:part3.txt,可能性,809167
27000-28359,part3.zip:part3.txt,通信,809212
27000-28359,part3.zip:part3.txt,通信,809429
27000-28359,part3.zip:part3.txt,秘密,809568
27000-28359,part3.zip:part3.txt,指令,809579
27000-28359,part3.zip:part3.txt,通信,809710
27000-28359,part3.zip:part3.txt,認証,809714
27000-28359,part3.zip:part3.txt,監視,809729
27000-28359,part3.zip:part3.txt,通信,809833
27000-28359,part3.zip:part3.txt,遮断,809835
27000-28359,part3.zip:part3.txt,遮断,809861
27000-28359,part3.zip:part3.txt,認証,809892
27000-28359,part3.zip:part3.txt,認証,809907
27000-28359,part3.zip:part3.txt,監視,810059
27000-28359,part3.zip:part3.txt,通信,811989
27000-28359,part3.zip:part3.txt,通信,812108
27000-28359,part3.zip:part3.txt,可能性,812167
27000-28359,part3.zip:part3.txt,可能性,812217
27000-28359,part3.zip:part3.txt,可能性,812299
27000-28359,part3.zip:part3.txt,通信,812326
27000-28359,part3.zip:part3.txt,可能性,812377
27000-28359,part3.zip:part3.txt,可能性,813020
27000-28359,part3.zip:part3.txt,通信,813235
27000-28359,part3.zip:part3.txt,可能性,813349
27000-28359,part3.zip:part3.txt,可能性,815367
27000-28359,part3.zip:part3.txt,通信,815423
27000-28359,part3.zip:part3.txt,遮断,815784
27000-28359,part3.zip:part3.txt,遮断,815836
27000-28359,part3.zip:part3.txt,監視,817818
27000-28359,part3.zip:part3.txt,可能性,817898
27000-28359,part3.zip:part3.txt,通信,818038
27000-28359,part3.zip:part3.txt,可能性,818108
27000-28359,part3.zip:part3.txt,遮断,818451
27000-28359,part3.zip:part3.txt,遮断,818539
27000-28359,part3.zip:part3.txt,遮断,818619
27000-28359,part3.zip:part3.txt,設定,818806
27000-28359,part3.zip:part3.txt,設定,818847
27000-28359,part3.zip:part3.txt,アクセス,818862
27000-28359,part3.zip:part3.txt,確認,818942
27000-28359,part3.zip:part3.txt,削除,818967
27000-28359,part3.zip:part3.txt,可能性,821070
27000-28359,part3.zip:part3.txt,秘密,821149
27000-28359,part3.zip:part3.txt,通信,821250
27000-28359,part3.zip:part3.txt,通信,821586
27000-28359,part3.zip:part3.txt,可能性,821610
27000-28359,part3.zip:part3.txt,通信,821656
27000-28359,part3.zip:part3.txt,可能性,821786
27000-28359,part3.zip:part3.txt,通信,822013
27000-28359,part3.zip:part3.txt,遮断,822316
27000-28359,part3.zip:part3.txt,遮断,822324
27000-28359,part3.zip:part3.txt,通信,824865
27000-28359,part3.zip:part3.txt,通信,824871
27000-28359,part3.zip:part3.txt,可能性,824883
27000-28359,part3.zip:part3.txt,通信,825050
27000-28359,part3.zip:part3.txt,監視,825440
27000-28359,part3.zip:part3.txt,遮断,825571
27000-28359,part3.zip:part3.txt,通信,825711
27000-28359,part3.zip:part3.txt,可能性,827637
27000-28359,part3.zip:part3.txt,可能性,827803
27000-28359,part3.zip:part3.txt,監視,827828
27000-28359,part3.zip:part3.txt,可能性,828139
27000-28359,part3.zip:part3.txt,監視,828547
27000-28359,part3.zip:part3.txt,確認,830438
27000-28359,part3.zip:part3.txt,認証,830516
27000-28359,part3.zip:part3.txt,認証,830526
27000-28359,part3.zip:part3.txt,可能性,830644
27000-28359,part3.zip:part3.txt,可能性,830670
27000-28359,part3.zip:part3.txt,可能性,830692
27000-28359,part3.zip:part3.txt,可能性,830846
27000-28359,part3.zip:part3.txt,設定,830919
27000-28359,part3.zip:part3.txt,認証,831026
27000-28359,part3.zip:part3.txt,可能性,831098
27000-28359,part3.zip:part3.txt,可能性,831227
27000-28359,part3.zip:part3.txt,確認,831373
27000-28359,part3.zip:part3.txt,確認,831404
27000-28359,part3.zip:part3.txt,設定,831421
27000-28359,part3.zip:part3.txt,確認,831469
27000-28359,part3.zip:part3.txt,削除,831497
27000-28359,part3.zip:part3.txt,確認,831575
27000-28359,part3.zip:part3.txt,削除,831578
27000-28359,part3.zip:part3.txt,確認,831649
27000-28359,part3.zip:part3.txt,削除,831664
27000-28359,part3.zip:part3.txt,設定,831688
27000-28359,part3.zip:part3.txt,同期,831794
27000-28359,part3.zip:part3.txt,認証,831840
27000-28359,part3.zip:part3.txt,認証,833969
27000-28359,part3.zip:part3.txt,認証,834007
27000-28359,part3.zip:part3.txt,認証,834059
27000-28359,part3.zip:part3.txt,認証,834078
27000-28359,part3.zip:part3.txt,許可,834098
27000-28359,part3.zip:part3.txt,可能性,834185
27000-28359,part3.zip:part3.txt,監視,834252
27000-28359,part3.zip:part3.txt,通信,834961
27000-28359,part3.zip:part3.txt,可能性,834982
27000-28359,part3.zip:part3.txt,可能性,835158
27000-28359,part3.zip:part3.txt,復元,835243
27000-28359,part3.zip:part3.txt,可能性,835267
27000-28359,part3.zip:part3.txt,監視,837899
27000-28359,part3.zip:part3.txt,通信,838117
27000-28359,part3.zip:part3.txt,検証,838166
27000-28359,part3.zip:part3.txt,確認,838195
27000-28359,part3.zip:part3.txt,可能性,838246
27000-28359,part3.zip:part3.txt,退避,838286
27000-28359,part3.zip:part3.txt,同期,838307
27000-28359,part3.zip:part3.txt,アクセス,838398
27000-28359,part3.zip:part3.txt,通信,838425
27000-28359,part3.zip:part3.txt,通信,841419
27000-28359,part3.zip:part3.txt,通信,841457
27000-28359,part3.zip:part3.txt,通信,841476
27000-28359,part3.zip:part3.txt,可能性,841527
27000-28359,part3.zip:part3.txt,監視,841716
27000-28359,part3.zip:part3.txt,可能性,841731
27000-28359,part3.zip:part3.txt,監視,842005
27000-28359,part3.zip:part3.txt,通信,842137
27000-28359,part3.zip:part3.txt,可能性,842157
27000-28359,part3.zip:part3.txt,監視,842218
27000-28359,part3.zip:part3.txt,通信,842333
27000-28359,part3.zip:part3.txt,通信,842579
27000-28359,part3.zip:part3.txt,確認,842614
27000-28359,part3.zip:part3.txt,通信,842730
27000-28359,part3.zip:part3.txt,監視,842747
27000-28359,part3.zip:part3.txt,通信,847426
27000-28359,part3.zip:part3.txt,通信,847789
27000-28359,part3.zip:part3.txt,可能性,847907
27000-28359,part3.zip:part3.txt,通信,848128
27000-28359,part3.zip:part3.txt,通信,848267
27000-28359,part3.zip:part3.txt,通信,848339
27000-28359,part3.zip:part3.txt,検証,848499
27000-28359,part3.zip:part3.txt,可能性,848590
27000-28359,part3.zip:part3.txt,監視,848726
27000-28359,part3.zip:part3.txt,通信,848898
27000-28359,part3.zip:part3.txt,監視,848924
27000-28359,part3.zip:part3.txt,検証,848965
27000-28359,part3.zip:part3.txt,可能性,854702
27000-28359,part3.zip:part3.txt,監視,854830
27000-28359,part3.zip:part3.txt,確認,855984
27000-28359,part3.zip:part3.txt,通信,856026
27000-28359,part3.zip:part3.txt,監視,856029
27000-28359,part3.zip:part3.txt,通信,856287
27000-28359,part3.zip:part3.txt,可能性,856295
27000-28359,part3.zip:part3.txt,設定,856318
27000-28359,part3.zip:part3.txt,通信,856335
27000-28359,part3.zip:part3.txt,通信,856547
27000-28359,part3.zip:part3.txt,通信,856892
27000-28359,part3.zip:part3.txt,通信,856917
27000-28359,part3.zip:part3.txt,通信,856945
27000-28359,part3.zip:part3.txt,可能性,856972
27000-28359,part3.zip:part3.txt,通信,857006
27000-28359,part3.zip:part3.txt,検証,857088
27000-28359,part3.zip:part3.txt,確認,857104
27000-28359,part3.zip:part3.txt,通信,857135
27000-28359,part3.zip:part3.txt,可能性,857185
27000-28359,part3.zip:part3.txt,通信,857315
27000-28359,part3.zip:part3.txt,可能性,857432
27000-28359,part3.zip:part3.txt,可能性,857491
27000-28359,part3.zip:part3.txt,通信,857587
27000-28359,part3.zip:part3.txt,可能性,857624
27000-28359,part3.zip:part3.txt,通信,857791
27000-28359,part3.zip:part3.txt,通信,857863
27000-28359,part3.zip:part3.txt,遮断,857866
27000-28359,part3.zip:part3.txt,復元,857893
27000-28359,part3.zip:part3.txt,復元,857912
27000-28359,part3.zip:part3.txt,通信,860048
27000-28359,part3.zip:part3.txt,通信,860105
27000-28359,part3.zip:part3.txt,設定,860283
27000-28359,part3.zip:part3.txt,通信,860380
27000-28359,part3.zip:part3.txt,可能性,860404
27000-28359,part3.zip:part3.txt,通信,860456
27000-28359,part3.zip:part3.txt,可能性,860563
27000-28359,part3.zip:part3.txt,監視,860766
27000-28359,part3.zip:part3.txt,可能性,860870
27000-28359,part3.zip:part3.txt,監視,861184
27000-28359,part3.zip:part3.txt,アクセス,861414
27000-28359,part3.zip:part3.txt,可能性,863096
27000-28359,part3.zip:part3.txt,監視,863339
27000-28359,part3.zip:part3.txt,通信,863470
27000-28359,part3.zip:part3.txt,通信,863687
27000-28359,part3.zip:part3.txt,可能性,863698
27000-28359,part3.zip:part3.txt,通信,863916
27000-28359,part3.zip:part3.txt,通信,863989
27000-28359,part3.zip:part3.txt,確認,864001
27000-28359,part3.zip:part3.txt,追跡,864094
27000-28359,part3.zip:part3.txt,通信,864241
27000-28359,part3.zip:part3.txt,監視,864339
27000-28359,part3.zip:part3.txt,通信,864360
27000-28359,part3.zip:part3.txt,認証,867095
27000-28359,part3.zip:part3.txt,削除,867127
27000-28359,part3.zip:part3.txt,アクセス,867326
27000-28359,part3.zip:part3.txt,設定,867369
27000-28359,part3.zip:part3.txt,設定,867409
27000-28359,part3.zip:part3.txt,削除,867549
27000-28359,part3.zip:part3.txt,確認,867616
27000-28359,part3.zip:part3.txt,削除,867628
27000-28359,part3.zip:part3.txt,認証,867682
27000-28359,part3.zip:part3.txt,認証,867872
27000-28359,part3.zip:part3.txt,設定,867882
27000-28359,part3.zip:part3.txt,設定,868101
27000-28359,part3.zip:part3.txt,削除,868104
27000-28359,part3.zip:part3.txt,アクセス,868219
27000-28359,part3.zip:part3.txt,削除,869107
27000-28359,part3.zip:part3.txt,アクセス,870000
27000-28359,part3.zip:part3.txt,認証,870086
27000-28359,part3.zip:part3.txt,設定,870153
27000-28359,part3.zip:part3.txt,削除,870217
27000-28359,part3.zip:part3.txt,削除,870893
27000-28359,part3.zip:part3.txt,削除,870909
27000-28359,part3.zip:part3.txt,削除,871052
27000-28359,part3.zip:part3.txt,削除,872744
27000-28359,part3.zip:part3.txt,確認,872807
27000-28359,part3.zip:part3.txt,確認,872930
27000-28359,part3.zip:part3.txt,削除,872952
27000-28359,part3.zip:part3.txt,削除,873139
27000-28359,part3.zip:part3.txt,アクセス,874524
27000-28359,part3.zip:part3.txt,可能性,881427
27000-28359,part3.zip:part3.txt,設定,881505
27000-28359,part3.zip:part3.txt,可能性,881574
27000-28359,part3.zip:part3.txt,設定,881591
27000-28359,part3.zip:part3.txt,通信,881650
27000-28359,part3.zip:part3.txt,設定,881719
27000-28359,part3.zip:part3.txt,可能性,881873
27000-28359,part3.zip:part3.txt,アクセス,881948
27000-28359,part3.zip:part3.txt,設定,882150
27000-28359,part3.zip:part3.txt,設定,882179
27000-28359,part3.zip:part3.txt,アクセス,882386
27000-28359,part3.zip:part3.txt,可能性,882474
27000-28359,part3.zip:part3.txt,確認,882621
27000-28359,part3.zip:part3.txt,設定,882629
27000-28359,part3.zip:part3.txt,確認,882666
27000-28359,part3.zip:part3.txt,確認,882938
27000-28359,part3.zip:part3.txt,アクセス,883002
27000-28359,part3.zip:part3.txt,遮断,889837
27000-28359,part3.zip:part3.txt,遮断,889871
27000-28359,part3.zip:part3.txt,可能性,889879
27000-28359,part3.zip:part3.txt,確認,889917
27000-28359,part3.zip:part3.txt,設定,889935
27000-28359,part3.zip:part3.txt,削除,889973
27000-28359,part3.zip:part3.txt,設定,889982
27000-28359,part3.zip:part3.txt,通信,889991
27000-28359,part3.zip:part3.txt,通信,890003
27000-28359,part3.zip:part3.txt,設定,890019
27000-28359,part3.zip:part3.txt,確認,890030
27000-28359,part3.zip:part3.txt,認証,890069
27000-28359,part3.zip:part3.txt,認証,890086
27000-28359,part3.zip:part3.txt,設定,890122
27000-28359,part3.zip:part3.txt,削除,890214
27000-28359,part3.zip:part3.txt,監視,890257
27000-28359,part3.zip:part3.txt,通信,890281
27000-28359,part3.zip:part3.txt,設定,890362
27000-28359,part3.zip:part3.txt,設定,890396
27000-28359,part3.zip:part3.txt,設定,890453
27000-28359,part3.zip:part3.txt,設定,890486
27000-28359,part3.zip:part3.txt,可能性,890518
27000-28359,part3.zip:part3.txt,可能性,890652
27000-28359,part3.zip:part3.txt,設定,890732
27000-28359,part3.zip:part3.txt,削除,890751
27000-28359,part3.zip:part3.txt,設定,890770
27000-28359,part3.zip:part3.txt,設定,890800
27000-28359,part3.zip:part3.txt,設定,890826
27000-28359,part3.zip:part3.txt,確認,893453
27000-28359,part3.zip:part3.txt,確認,893492
27000-28359,part3.zip:part3.txt,設定,893498
27000-28359,part3.zip:part3.txt,削除,893641
27000-28359,part3.zip:part3.txt,確認,893672
27000-28359,part3.zip:part3.txt,設定,893677
27000-28359,part3.zip:part3.txt,確認,893887
27000-28359,part3.zip:part3.txt,設定,893894
27000-28359,part3.zip:part3.txt,可能性,893999
27000-28359,part3.zip:part3.txt,設定,894080
27000-28359,part3.zip:part3.txt,可能性,894109
27000-28359,part3.zip:part3.txt,削除,894158
27000-28359,part3.zip:part3.txt,復元,894223
27000-28359,part3.zip:part3.txt,確認,894303
27000-28359,part3.zip:part3.txt,位置情報,896192
27000-28359,part3.zip:part3.txt,監視,896267
27000-28359,part3.zip:part3.txt,確認,896730
27000-28359,part3.zip:part3.txt,設定,896741
27000-28359,part3.zip:part3.txt,設定,896800
27000-28359,part3.zip:part3.txt,設定,896976
27000-28359,part3.zip:part3.txt,削除,897010
27000-28359,part3.zip:part3.txt,削除,897033
27000-28359,part3.zip:part3.txt,削除,897052
27000-28359,part3.zip:part3.txt,復元,897076
27000-28359,part3.zip:part3.txt,確認,897153
27000-28359,part3.zip:part3.txt,確認,899325
27000-28359,part3.zip:part3.txt,確認,899382
27000-28359,part3.zip:part3.txt,可能性,899700
27000-28359,part3.zip:part3.txt,設定,899738
27000-28359,part3.zip:part3.txt,設定,899938
27000-28359,part3.zip:part3.txt,設定,899960
27000-28359,part3.zip:part3.txt,削除,900141
27000-28359,part3.zip:part3.txt,設定,900154
27000-28359,part3.zip:part3.txt,設定,900211
27000-28359,part3.zip:part3.txt,復元,900322
27000-28359,part3.zip:part3.txt,確認,900346
27000-28359,part3.zip:part3.txt,設定,900388
27000-28359,part3.zip:part3.txt,通信,902442
27000-28359,part3.zip:part3.txt,可能性,902774
27000-28359,part3.zip:part3.txt,確認,902882
27000-28359,part3.zip:part3.txt,通信,906091
27000-28359,part3.zip:part3.txt,遮断,906093
27000-28359,part3.zip:part3.txt,可能性,906217
27000-28359,part3.zip:part3.txt,確認,906364
27000-28359,part3.zip:part3.txt,通信,906485
27000-28359,part3.zip:part3.txt,遮断,906487
27000-28359,part3.zip:part3.txt,通信,906509
27000-28359,part3.zip:part3.txt,遮断,906511
27000-28359,part3.zip:part3.txt,通信,906521
27000-28359,part3.zip:part3.txt,可能性,906526
27000-28359,part3.zip:part3.txt,確認,906651
27000-28359,part3.zip:part3.txt,設定,906774
27000-28359,part3.zip:part3.txt,削除,906825
27000-28359,part3.zip:part3.txt,削除,906850
27000-28359,part3.zip:part3.txt,設定,906858
27000-28359,part3.zip:part3.txt,設定,906954
27000-28359,part3.zip:part3.txt,設定,906968
27000-28359,part3.zip:part3.txt,設定,906994
27000-28359,part3.zip:part3.txt,復元,907054
27000-28359,part3.zip:part3.txt,設定,907100
27000-28359,part3.zip:part3.txt,通信,907243
27000-28359,part3.zip:part3.txt,復元,907377
27000-28359,part3.zip:part3.txt,遮断,907490
27000-28359,part3.zip:part3.txt,通信,918547
27000-28359,part3.zip:part3.txt,通信,918593
27000-28359,part3.zip:part3.txt,確認,918613
27000-28359,part3.zip:part3.txt,アクセス,918697
27000-28359,part3.zip:part3.txt,可能性,918824
27000-28359,part3.zip:part3.txt,追跡,920493
27000-28359,part3.zip:part3.txt,通信,920615
27000-28359,part3.zip:part3.txt,確認,920639
27000-28359,part3.zip:part3.txt,通信,920894
27000-28359,part3.zip:part3.txt,アクセス,920981
27000-28359,part3.zip:part3.txt,可能性,920988
27000-28359,part3.zip:part3.txt,検証,921256
27000-28359,part3.zip:part3.txt,可能性,921273
27000-28359,part3.zip:part3.txt,可能性,921520
27000-28359,part3.zip:part3.txt,通信,921601
27000-28359,part3.zip:part3.txt,設定,921671
27000-28359,part3.zip:part3.txt,可能性,921725
27000-28359,part3.zip:part3.txt,通信,921747
27000-28359,part3.zip:part3.txt,設定,921761
27000-28359,part3.zip:part3.txt,設定,922912
27000-28359,part3.zip:part3.txt,通信,923041
27000-28359,part3.zip:part3.txt,設定,923062
27000-28359,part3.zip:part3.txt,確認,923198
27000-28359,part3.zip:part3.txt,通信,924364
27000-28359,part3.zip:part3.txt,通信,924432
27000-28359,part3.zip:part3.txt,追跡,925232
27000-28359,part3.zip:part3.txt,通信,925280
27000-28359,part3.zip:part3.txt,通信,925628
27000-28359,part3.zip:part3.txt,遮断,925634
27000-28359,part3.zip:part3.txt,アクセス,925681
27000-28359,part3.zip:part3.txt,通信,926231
27000-28359,part3.zip:part3.txt,アクセス,926281
27000-28359,part3.zip:part3.txt,通信,926413
27000-28359,part3.zip:part3.txt,通信,927469
27000-28359,part3.zip:part3.txt,通信,927507
27000-28359,part3.zip:part3.txt,通信,928294
27000-28359,part3.zip:part3.txt,通信,928449
27000-28359,part3.zip:part3.txt,通信,928492
27000-28359,part3.zip:part3.txt,通信,928517
27000-28359,part3.zip:part3.txt,通信,928684
27000-28359,part3.zip:part3.txt,可能性,928734
27000-28359,part3.zip:part3.txt,通信,928981
27000-28359,part3.zip:part3.txt,通信,929073
27000-28359,part3.zip:part3.txt,通信,929299
27000-28359,part3.zip:part3.txt,検証,929320
27000-28359,part3.zip:part3.txt,アクセス,929345
27000-28359,part3.zip:part3.txt,通信,929492
27000-28359,part3.zip:part3.txt,通信,929560
27000-28359,part3.zip:part3.txt,遮断,929566
27000-28359,part3.zip:part3.txt,削除,929596
27000-28359,part3.zip:part3.txt,通信,929641
27000-28359,part3.zip:part3.txt,通信,929711
27000-28359,part3.zip:part3.txt,通信,929737
27000-28359,part3.zip:part3.txt,可能性,929770
27000-28359,part3.zip:part3.txt,通信,930822
27000-28359,part3.zip:part3.txt,通信,930872
27000-28359,part3.zip:part3.txt,通信,931633
27000-28359,part3.zip:part3.txt,監視,931694
27000-28359,part3.zip:part3.txt,通信,931882
27000-28359,part3.zip:part3.txt,許可,932054
27000-28359,part3.zip:part3.txt,通信,932177
27000-28359,part3.zip:part3.txt,通信,932276
27000-28359,part3.zip:part3.txt,通信,932407
27000-28359,part3.zip:part3.txt,通信,932538
27000-28359,part3.zip:part3.txt,確認,932611
27000-28359,part3.zip:part3.txt,通信,932802
27000-28359,part3.zip:part3.txt,可能性,932946
27000-28359,part3.zip:part3.txt,通信,934575
27000-28359,part3.zip:part3.txt,通信,934674
27000-28359,part3.zip:part3.txt,通信,934747
27000-28359,part3.zip:part3.txt,遮断,934749
27000-28359,part3.zip:part3.txt,通信,934810
27000-28359,part3.zip:part3.txt,通信,934876
27000-28359,part3.zip:part3.txt,通信,935036
27000-28359,part3.zip:part3.txt,通信,935152
27000-28359,part3.zip:part3.txt,通信,935199
27000-28359,part3.zip:part3.txt,通信,935280
27000-28359,part3.zip:part3.txt,通信,936512
27000-28359,part3.zip:part3.txt,通信,937371
27000-28359,part3.zip:part3.txt,通信,937478
27000-28359,part3.zip:part3.txt,通信,937766
27000-28359,part3.zip:part3.txt,通信,937878
27000-28359,part3.zip:part3.txt,通信,938167
27000-28359,part3.zip:part3.txt,遮断,938169
27000-28359,part3.zip:part3.txt,通信,938316
27000-28359,part3.zip:part3.txt,確認,938327
27000-28359,part3.zip:part3.txt,通信,940096
27000-28359,part3.zip:part3.txt,通信,941990
27000-28359,part3.zip:part3.txt,通信,942038
27000-28359,part3.zip:part3.txt,通信,942289
27000-28359,part3.zip:part3.txt,通信,942302
27000-28359,part3.zip:part3.txt,確認,942369
27000-28359,part3.zip:part3.txt,遮断,942452
27000-28359,part3.zip:part3.txt,通信,942553
27000-28359,part3.zip:part3.txt,通信,942753
27000-28359,part3.zip:part3.txt,確認,942810
27000-28359,part3.zip:part3.txt,可能性,942844
27000-28359,part3.zip:part3.txt,通信,942852
27000-28359,part3.zip:part3.txt,通信,942908
27000-28359,part3.zip:part3.txt,通信,943007
27000-28359,part3.zip:part3.txt,遮断,943009
27000-28359,part3.zip:part3.txt,通信,943138
27000-28359,part3.zip:part3.txt,監視,943153
27000-28359,part3.zip:part3.txt,監視,944568
27000-28359,part3.zip:part3.txt,監視,946051
27000-28359,part3.zip:part3.txt,アクセス,946144
27000-28359,part3.zip:part3.txt,通信,946390
27000-28359,part3.zip:part3.txt,アクセス,946634
27000-28359,part3.zip:part3.txt,通信,946902
27000-28359,part3.zip:part3.txt,監視,947147
27000-28359,part3.zip:part3.txt,監視,947223
27000-28359,part3.zip:part3.txt,可能性,949123
27000-28359,part3.zip:part3.txt,可能性,949278
27000-28359,part3.zip:part3.txt,通信,949399
27000-28359,part3.zip:part3.txt,可能性,949681
27000-28359,part3.zip:part3.txt,可能性,949771
27000-28359,part3.zip:part3.txt,監視,949807
27000-28359,part3.zip:part3.txt,確認,951481
27000-28359,part3.zip:part3.txt,監視,951656
27000-28359,part3.zip:part3.txt,遮断,951671
27000-28359,part3.zip:part3.txt,アクセス,951848
27000-28359,part3.zip:part3.txt,設定,951913
27000-28359,part3.zip:part3.txt,設定,951985
27000-28359,part3.zip:part3.txt,復元,952090
27000-28359,part3.zip:part3.txt,確認,955049
27000-28359,part3.zip:part3.txt,追跡,957743
27000-28359,part3.zip:part3.txt,通信,957906
27000-28359,part3.zip:part3.txt,確認,960867
27000-28359,part3.zip:part3.txt,確認,961081
27000-28359,part3.zip:part3.txt,可能性,961782
27000-28359,part3.zip:part3.txt,アクセス,963619
27000-28359,part3.zip:part3.txt,追跡,963865
27000-28359,part3.zip:part3.txt,監視,963891
27000-28359,part3.zip:part3.txt,設定,964109
27000-28359,part3.zip:part3.txt,可能性,964242
27000-28359,part3.zip:part3.txt,監視,964290
27000-28359,part3.zip:part3.txt,監視,964342
27000-28359,part3.zip:part3.txt,削除,964449
27000-28359,part3.zip:part3.txt,設定,964454
27000-28359,part3.zip:part3.txt,設定,964491
27000-28359,part3.zip:part3.txt,確認,964542
27000-28359,part3.zip:part3.txt,削除,964546
27000-28359,part3.zip:part3.txt,可能性,966436
27000-28359,part3.zip:part3.txt,共有,966525
27000-28359,part3.zip:part3.txt,可能性,966808
27000-28359,part3.zip:part3.txt,通信,966836
27000-28359,part3.zip:part3.txt,監視,966893
27000-28359,part3.zip:part3.txt,確認,966973
27000-28359,part3.zip:part3.txt,確認,967042
27000-28359,part3.zip:part3.txt,遮断,967203
27000-28359,part3.zip:part3.txt,確認,967223
27000-28359,part3.zip:part3.txt,可能性,968991
27000-28359,part3.zip:part3.txt,可能性,969126
27000-28359,part3.zip:part3.txt,可能性,969223
27000-28359,part3.zip:part3.txt,アクセス,969598
27000-28359,part3.zip:part3.txt,確認,969666
27000-28359,part3.zip:part3.txt,削除,969784
27000-28359,part3.zip:part3.txt,設定,969792
27000-28359,part3.zip:part3.txt,設定,969834
27000-28359,part3.zip:part3.txt,削除,969875
27000-28359,part3.zip:part3.txt,監視,969902
27000-28359,part3.zip:part3.txt,通信,969997
27000-28359,part3.zip:part3.txt,確認,970156
27000-28359,part3.zip:part3.txt,監視,971871
27000-28359,part3.zip:part3.txt,通信,972189
27000-28359,part3.zip:part3.txt,監視,972200
27000-28359,part3.zip:part3.txt,通信,973119
27000-28359,part3.zip:part3.txt,位置情報,973340
27000-28359,part3.zip:part3.txt,共有,973707
27000-28359,part3.zip:part3.txt,監視,973796
27000-28359,part3.zip:part3.txt,通信,973905
27000-28359,part3.zip:part3.txt,監視,973992
27000-28359,part3.zip:part3.txt,アクセス,974030
27000-28359,part3.zip:part3.txt,通信,974107
27000-28359,part3.zip:part3.txt,可能性,974152
27000-28359,part3.zip:part3.txt,通信,974190
27000-28359,part3.zip:part3.txt,遮断,974192
27000-28359,part3.zip:part3.txt,通信,974279
27000-28359,part3.zip:part3.txt,確認,974325
27000-28359,part3.zip:part3.txt,監視,976068
27000-28359,part3.zip:part3.txt,通信,981198
27000-28359,part3.zip:part3.txt,遮断,981240
27000-28359,part3.zip:part3.txt,監視,981262
27000-28359,part3.zip:part3.txt,削除,981275
27000-28359,part3.zip:part3.txt,追跡,981289
27000-28359,part3.zip:part3.txt,同期,981333
27000-28359,part3.zip:part3.txt,可能性,981398
27000-28359,part3.zip:part3.txt,確認,984147
27000-28359,part3.zip:part3.txt,通信,984404
27000-28359,part3.zip:part3.txt,遮断,984406
27000-28359,part3.zip:part3.txt,アクセス,986885
27000-28359,part3.zip:part3.txt,検証,987522
27000-28359,part3.zip:part3.txt,確認,995012
27000-28359,part3.zip:part3.txt,確認,995063
27000-28359,part3.zip:part3.txt,通信,995173
27000-28359,part3.zip:part3.txt,可能性,995300
27000-28359,part3.zip:part3.txt,確認,995537
27000-28359,part3.zip:part3.txt,確認,995609
27000-28359,part3.zip:part3.txt,アクセス,995649
27000-28359,part3.zip:part3.txt,監視,995654
27000-28359,part3.zip:part3.txt,確認,995878
27000-28359,part3.zip:part3.txt,確認,995959
27000-28359,part3.zip:part3.txt,監視,997758
27000-28359,part3.zip:part3.txt,可能性,997784
27000-28359,part3.zip:part3.txt,可能性,997975
27000-28359,part3.zip:part3.txt,通信,997989
27000-28359,part3.zip:part3.txt,通信,998014
27000-28359,part3.zip:part3.txt,監視,998032
27000-28359,part3.zip:part3.txt,可能性,998077
27000-28359,part3.zip:part3.txt,通信,998237
27000-28359,part3.zip:part3.txt,確認,998248
27000-28359,part3.zip:part3.txt,可能性,1000330
27000-28359,part3.zip:part3.txt,可能性,1000394
27000-28359,part3.zip:part3.txt,通信,1004904
27000-28359,part3.zip:part3.txt,アクセス,1006715
27000-28359,part3.zip:part3.txt,確認,1010577
27000-28359,part3.zip:part3.txt,可能性,1010814
27000-28359,part3.zip:part3.txt,確認,1010988
27000-28359,part3.zip:part3.txt,アクセス,1011021
27000-28359,part3.zip:part3.txt,可能性,1011026
27000-28359,part3.zip:part3.txt,通信,1011048
27000-28359,part3.zip:part3.txt,可能性,1011081
27000-28359,part3.zip:part3.txt,可能性,1014667
27000-28359,part3.zip:part3.txt,通信,1014974
27000-28359,part3.zip:part3.txt,監視,1015147
27000-28359,part3.zip:part3.txt,確認,1015239
27000-28359,part3.zip:part3.txt,確認,1015326
27000-28359,part3.zip:part3.txt,監視,1015360
27000-28359,part3.zip:part3.txt,可能性,1015372
27000-28359,part3.zip:part3.txt,確認,1016312
27000-28359,part3.zip:part3.txt,可能性,1016447
27000-28359,part3.zip:part3.txt,確認,1016552
27000-28359,part3.zip:part3.txt,可能性,1016672
27000-28359,part3.zip:part3.txt,可能性,1016700
27000-28359,part3.zip:part3.txt,監視,1016902
27000-28359,part3.zip:part3.txt,確認,1017033
27000-28359,part3.zip:part3.txt,通信,1017051
27000-28359,part3.zip:part3.txt,確認,1017099
27000-28359,part3.zip:part3.txt,通信,1017131
27000-28359,part3.zip:part3.txt,可能性,1017189
27000-28359,part3.zip:part3.txt,可能性,1017303
27000-28359,part3.zip:part3.txt,追跡,1017399
27000-28359,part3.zip:part3.txt,可能性,1019343
27000-28359,part3.zip:part3.txt,監視,1019486
27000-28359,part3.zip:part3.txt,可能性,1019520
27000-28359,part3.zip:part3.txt,確認,1019723
27000-28359,part3.zip:part3.txt,確認,1019744
27000-28359,part3.zip:part3.txt,通信,1019829
27000-28359,part3.zip:part3.txt,確認,1019932
27000-28359,part3.zip:part3.txt,アクセス,1021779
27000-28359,part3.zip:part3.txt,通信,1021984
27000-28359,part3.zip:part3.txt,確認,1022026
27000-28359,part3.zip:part3.txt,通信,1022429
27000-28359,part3.zip:part3.txt,可能性,1026066
27000-28359,part3.zip:part3.txt,監視,1026337
27000-28359,part3.zip:part3.txt,通信,1026345
27000-28359,part3.zip:part3.txt,可能性,1026372
27000-28359,part3.zip:part3.txt,監視,1026518
27000-28359,part3.zip:part3.txt,可能性,1026660
27000-28359,part3.zip:part3.txt,通信,1026694
27000-28359,part3.zip:part3.txt,確認,1026817
27000-28359,part3.zip:part3.txt,アクセス,1029518
27000-28359,part3.zip:part3.txt,確認,1029631
27000-28359,part3.zip:part3.txt,可能性,1031814
27000-28359,part3.zip:part3.txt,監視,1031860
27000-28359,part3.zip:part3.txt,可能性,1031893
27000-28359,part3.zip:part3.txt,確認,1032138
27000-28359,part3.zip:part3.txt,可能性,1033882
27000-28359,part3.zip:part3.txt,監視,1034407
27000-28359,part3.zip:part3.txt,可能性,1034461
27000-28359,part3.zip:part3.txt,監視,1034514
27000-28359,part3.zip:part3.txt,確認,1037073
27000-28359,part3.zip:part3.txt,可能性,1037265
27000-28359,part3.zip:part3.txt,可能性,1037398
27000-28359,part3.zip:part3.txt,可能性,1037409
27000-28359,part3.zip:part3.txt,監視,1037446
27000-28359,part3.zip:part3.txt,通信,1037467
27000-28359,part3.zip:part3.txt,通信,1037521
27000-28359,part3.zip:part3.txt,監視,1037530
27000-28359,part3.zip:part3.txt,監視,1037626
27000-28359,part3.zip:part3.txt,可能性,1037660
27000-28359,part3.zip:part3.txt,可能性,1037692
27000-28359,part3.zip:part3.txt,可能性,1037786
27000-28359,part3.zip:part3.txt,確認,1037836
27000-28359,part3.zip:part3.txt,確認,1037938
27000-28359,part3.zip:part3.txt,監視,1037966
27000-28359,part3.zip:part3.txt,可能性,1038086
27000-28359,part3.zip:part3.txt,検証,1038136
27000-28359,part3.zip:part3.txt,監視,1040143
27000-28359,part3.zip:part3.txt,遮断,1040201
27000-28359,part3.zip:part3.txt,確認,1040716
27000-28359,part3.zip:part3.txt,遮断,1040910
27000-28359,part3.zip:part3.txt,監視,1042580
27000-28359,part3.zip:part3.txt,通信,1042836
27000-28359,part3.zip:part3.txt,監視,1043176
27000-28359,part3.zip:part3.txt,監視,1043226
27000-28359,part3.zip:part3.txt,監視,1043256
27000-28359,part3.zip:part3.txt,監視,1043578
27000-28359,part3.zip:part3.txt,監視,1043628
27000-28359,part3.zip:part3.txt,監視,1045375
27000-28359,part3.zip:part3.txt,可能性,1045542
27000-28359,part3.zip:part3.txt,監視,1045618
27000-28359,part3.zip:part3.txt,監視,1045729
27000-28359,part3.zip:part3.txt,監視,1045891
27000-28359,part3.zip:part3.txt,追跡,1045929
27000-28359,part3.zip:part3.txt,監視,1045946
27000-28359,part3.zip:part3.txt,監視,1046139
27000-28359,part3.zip:part3.txt,確認,1046217
27000-28359,part3.zip:part3.txt,監視,1046441
27000-28359,part3.zip:part3.txt,可能性,1046510
27000-28359,part3.zip:part3.txt,監視,1048239
27000-28359,part3.zip:part3.txt,監視,1048315
27000-28359,part3.zip:part3.txt,監視,1048373
27000-28359,part3.zip:part3.txt,監視,1048667
27000-28359,part3.zip:part3.txt,指令,1048842
27000-28359,part3.zip:part3.txt,可能性,1048905
27000-28359,part3.zip:part3.txt,アクセス,1048929
27000-28359,part3.zip:part3.txt,監視,1048962
27000-28359,part3.zip:part3.txt,アクセス,1048976
27000-28359,part3.zip:part3.txt,監視,1049027
27000-28359,part3.zip:part3.txt,通信,1049057
27000-28359,part3.zip:part3.txt,通信,1049083
27000-28359,part3.zip:part3.txt,監視,1049125
27000-28359,part3.zip:part3.txt,通信,1049141
27000-28359,part3.zip:part3.txt,監視,1049392
27000-28359,part3.zip:part3.txt,監視,1051602
27000-28359,part3.zip:part3.txt,追跡,1051645
27000-28359,part3.zip:part3.txt,可能性,1051707
27000-28359,part3.zip:part3.txt,追跡,1051807
27000-28359,part3.zip:part3.txt,通信,1051833
27000-28359,part3.zip:part3.txt,可能性,1052033
27000-28359,part3.zip:part3.txt,追跡,1052216
27000-28359,part3.zip:part3.txt,共有,1052735
27000-28359,part3.zip:part3.txt,監視,1052838
27000-28359,part3.zip:part3.txt,遮断,1052932
27000-28359,part3.zip:part3.txt,遮断,1053026
27000-28359,part3.zip:part3.txt,通信,1053052
27000-28359,part3.zip:part3.txt,追跡,1053066
27000-28359,part3.zip:part3.txt,追跡,1053246
27000-28359,part3.zip:part3.txt,通信,1055299
27000-28359,part3.zip:part3.txt,通信,1055410
27000-28359,part3.zip:part3.txt,指令,1055704
27000-28359,part3.zip:part3.txt,遮断,1056278
27000-28359,part3.zip:part3.txt,復元,1056343
27000-28359,part3.zip:part3.txt,可能性,1058254
27000-28359,part3.zip:part3.txt,追跡,1058327
27000-28359,part3.zip:part3.txt,可能性,1058622
27000-28359,part3.zip:part3.txt,監視,1058984
27000-28359,part3.zip:part3.txt,可能性,1059006
27000-28359,part3.zip:part3.txt,確認,1059257
27000-28359,part3.zip:part3.txt,遮断,1059272
27000-28359,part3.zip:part3.txt,遮断,1059588
27000-28359,part3.zip:part3.txt,確認,1059612
27000-28359,part3.zip:part3.txt,監視,1061657
27000-28359,part3.zip:part3.txt,監視,1062158
27000-28359,part3.zip:part3.txt,遮断,1062229
27000-28359,part3.zip:part3.txt,可能性,1062351
27000-28359,part3.zip:part3.txt,監視,1062404
27000-28359,part3.zip:part3.txt,可能性,1062451
27000-28359,part3.zip:part3.txt,可能性,1062618
27000-28359,part3.zip:part3.txt,監視,1062684
27000-28359,part3.zip:part3.txt,削除,1065016
27000-28359,part3.zip:part3.txt,追跡,1065068
27000-28359,part3.zip:part3.txt,可能性,1065272
27000-28359,part3.zip:part3.txt,追跡,1065505
27000-28359,part3.zip:part3.txt,監視,1065551
27000-28359,part3.zip:part3.txt,復元,1065685
27000-28359,part3.zip:part3.txt,監視,1065768
27000-28359,part3.zip:part3.txt,通信,1065877
27000-28359,part3.zip:part3.txt,遮断,1065879
27000-28359,part3.zip:part3.txt,監視,1065888
27000-28359,part3.zip:part3.txt,可能性,1067915
27000-28359,part3.zip:part3.txt,監視,1068361
27000-28359,part3.zip:part3.txt,監視,1068379
27000-28359,part3.zip:part3.txt,監視,1068499
27000-28359,part3.zip:part3.txt,可能性,1068713
27000-28359,part3.zip:part3.txt,可能性,1069053
27000-28359,part3.zip:part3.txt,確認,1069233
27000-28359,part3.zip:part3.txt,確認,1071279
27000-28359,part3.zip:part3.txt,確認,1071575
27000-28359,part3.zip:part3.txt,監視,1071655
27000-28359,part3.zip:part3.txt,確認,1072125
27000-28359,part3.zip:part3.txt,監視,1072143
27000-28359,part3.zip:part3.txt,可能性,1078279
27000-28359,part3.zip:part3.txt,可能性,1078346
27000-28359,part3.zip:part3.txt,通信,1078652
27000-28359,part3.zip:part3.txt,可能性,1079041
27000-28359,part3.zip:part3.txt,可能性,1079159
27000-28359,part3.zip:part3.txt,確認,1079677
27000-28359,part3.zip:part3.txt,確認,1079718
27000-28359,part3.zip:part3.txt,可能性,1082245
27000-28359,part3.zip:part3.txt,可能性,1082489
27000-28359,part3.zip:part3.txt,検証,1083053
27000-28359,part3.zip:part3.txt,確認,1084857
27000-28359,part3.zip:part3.txt,可能性,1085052
27000-28359,part3.zip:part3.txt,可能性,1087626
27000-28359,part3.zip:part3.txt,追跡,1087711
27000-28359,part3.zip:part3.txt,確認,1088590
27000-28359,part3.zip:part3.txt,可能性,1088648
27000-28359,part3.zip:part3.txt,遮断,1088794
27000-28359,part3.zip:part3.txt,監視,1090589
27000-28359,part3.zip:part3.txt,可能性,1091070
27000-28359,part3.zip:part3.txt,設定,1091394
27000-28359,part3.zip:part3.txt,遮断,1091439
27000-28359,part3.zip:part3.txt,遮断,1091698
27000-28359,part3.zip:part3.txt,通信,1094207
27000-28359,part3.zip:part3.txt,遮断,1094720
27000-28359,part3.zip:part3.txt,可能性,1097032
27000-28359,part3.zip:part3.txt,遮断,1097390
27000-28359,part3.zip:part3.txt,指令,1097406
27000-28359,part3.zip:part3.txt,遮断,1097550
27000-28359,part3.zip:part3.txt,監視,1099477
27000-28359,part3.zip:part3.txt,通信,1101867
27000-28359,part3.zip:part3.txt,遮断,1102066
27000-28359,part3.zip:part3.txt,設定,1102068
27000-28359,part3.zip:part3.txt,遮断,1102132
27000-28359,part3.zip:part3.txt,遮断,1102290
27000-28359,part3.zip:part3.txt,通信,1102603
27000-28359,part3.zip:part3.txt,遮断,1102764
27000-28359,part3.zip:part3.txt,確認,1102802
27000-28359,part3.zip:part3.txt,可能性,1108100
27000-28359,part3.zip:part3.txt,遮断,1108346
27000-28359,part3.zip:part3.txt,監視,1110488
27000-28359,part3.zip:part3.txt,可能性,1112424
27000-28359,part3.zip:part3.txt,可能性,1112738
27000-28359,part3.zip:part3.txt,遮断,1113129
27000-28359,part3.zip:part3.txt,確認,1129705
27000-28359,part3.zip:part3.txt,可能性,1129776
27000-28359,part3.zip:part3.txt,確認,1129992
27000-28359,part3.zip:part3.txt,確認,1173839
27000-28359,part3.zip:part3.txt,確認,1173985
27000-28359,part3.zip:part3.txt,可能性,1179612
27000-28359,part3.zip:part3.txt,可能性,1179718
27000-28359,part3.zip:part3.txt,可能性,1190581
27000-28359,part3.zip:part3.txt,可能性,1190669
27000-28359,part3.zip:part3.txt,可能性,1190891
27000-28359,part3.zip:part3.txt,可能性,1191108
27000-28359,part3.zip:part3.txt,通信,1193483
27000-28359,part3.zip:part3.txt,監視,1193525
27000-28359,part3.zip:part3.txt,確認,1193784
27000-28359,part3.zip:part3.txt,監視,1193809
27000-28359,part3.zip:part3.txt,確認,1193904
27000-28359,part3.zip:part3.txt,可能性,1194045
27000-28359,part3.zip:part3.txt,監視,1195168
27000-28359,part3.zip:part3.txt,監視,1195921
27000-28359,part3.zip:part3.txt,監視,1196294
27000-28359,part3.zip:part3.txt,通信,1196498
27000-28359,part3.zip:part3.txt,監視,1196531
27000-28359,part3.zip:part3.txt,通信,1196569
27000-28359,part3.zip:part3.txt,遮断,1196571
27000-28359,part3.zip:part3.txt,監視,1196637
27000-28359,part3.zip:part3.txt,確認,1196751
27000-28359,part3.zip:part3.txt,確認,1197045
27000-28359,part3.zip:part3.txt,可能性,1253488
27000-28359,part3.zip:part3.txt,可能性,1253572
27000-28359,part3.zip:part3.txt,確認,1256989
27000-28359,part3.zip:part3.txt,認可,1290267
27000-28359,part3.zip:part3.txt,可能性,1290280
27000-28359,part3.zip:part3.txt,設定,1290533
27000-28359,part3.zip:part3.txt,認可,1290950
27000-28359,part3.zip:part3.txt,認可,1310775
27000-28359,part3.zip:part3.txt,可能性,1310788
27000-28359,part3.zip:part3.txt,認可,1310888
27000-28359,part3.zip:part3.txt,可能性,1310901
27000-28359,part3.zip:part3.txt,設定,1312775
27000-28359,part3.zip:part3.txt,設定,1312878
27000-28359,part3.zip:part3.txt,認可,1329717
27000-28359,part3.zip:part3.txt,許可,1330606
27000-28359,part3.zip:part3.txt,可能性,1348404
27000-28359,part3.zip:part3.txt,可能性,1348539
27000-28359,part3.zip:part3.txt,可能性,1348623
27000-28359,part3.zip:part3.txt,可能性,1348725
27000-28359,part3.zip:part3.txt,確認,1348766
27000-28359,part3.zip:part3.txt,検証,1379152
27000-28359,part3.zip:part3.txt,確認,1379437
27000-28359,part3.zip:part3.txt,確認,1379462
27000-28359,part3.zip:part3.txt,可能性,1379682
27000-28359,part3.zip:part3.txt,確認,1379812
27000-28359,part3.zip:part3.txt,可能性,1399620
27000-28359,part3.zip:part3.txt,可能性,1399920
27000-28359,part3.zip:part3.txt,可能性,1399940
27000-28359,part3.zip:part3.txt,監視,1399970
27000-28359,part3.zip:part3.txt,共有,1400168
27000-28359,part3.zip:part3.txt,確認,1400465
27000-28359,part3.zip:part3.txt,共有,1400556
27000-28359,part3.zip:part3.txt,追跡,1400752
27000-28359,part3.zip:part3.txt,監視,1400805
27000-28359,part3.zip:part3.txt,監視,1402573
27000-28359,part3.zip:part3.txt,可能性,1402581
27000-28359,part3.zip:part3.txt,追跡,1402757
27000-28359,part3.zip:part3.txt,追跡,1402875
27000-28359,part3.zip:part3.txt,監視,1403012
27000-28359,part3.zip:part3.txt,通信,1403064
27000-28359,part3.zip:part3.txt,確認,1403280
27000-28359,part3.zip:part3.txt,確認,1403427
27000-28359,part3.zip:part3.txt,確認,1403522
27000-28359,part3.zip:part3.txt,追跡,1403597
27000-28359,part3.zip:part3.txt,通信,1403673
27000-28359,part3.zip:part3.txt,監視,1405927
27000-28359,part3.zip:part3.txt,監視,1405985
27000-28359,part3.zip:part3.txt,可能性,1406042
27000-28359,part3.zip:part3.txt,監視,1406142
27000-28359,part3.zip:part3.txt,共有,1406430
27000-28359,part3.zip:part3.txt,通信,1406467
27000-28359,part3.zip:part3.txt,監視,1408380
27000-28359,part3.zip:part3.txt,監視,1408650
27000-28359,part3.zip:part3.txt,通信,1408697
27000-28359,part3.zip:part3.txt,監視,1408716
27000-28359,part3.zip:part3.txt,監視,1408844
27000-28359,part3.zip:part3.txt,監視,1409061
27000-28359,part3.zip:part3.txt,監視,1409138
27000-28359,part3.zip:part3.txt,可能性,1409151
27000-28359,part3.zip:part3.txt,確認,1409200
27000-28359,part3.zip:part3.txt,監視,1409225
27000-28359,part3.zip:part3.txt,通信,1409230
27000-28359,part3.zip:part3.txt,削除,1409378
27000-28359,part3.zip:part3.txt,通信,1411437
27000-28359,part3.zip:part3.txt,監視,1411450
27000-28359,part3.zip:part3.txt,通信,1411759
27000-28359,part3.zip:part3.txt,監視,1412431
27000-28359,part3.zip:part3.txt,遮断,1412540
27000-28359,part3.zip:part3.txt,確認,1415001
27000-28359,part3.zip:part3.txt,確認,1416894
27000-28359,part3.zip:part3.txt,確認,1416953
27000-28359,part3.zip:part3.txt,確認,1417844
27000-28359,part3.zip:part3.txt,通信,1418111
27000-28359,part3.zip:part3.txt,アクセス,1418236
27000-28359,part3.zip:part3.txt,確認,1418489
27000-28359,part3.zip:part3.txt,可能性,1418722
27000-28359,part3.zip:part3.txt,可能性,1418823
27000-28359,part3.zip:part3.txt,アクセス,1418989
27000-28359,part3.zip:part3.txt,可能性,1419041
27000-28359,part3.zip:part3.txt,可能性,1419098
27000-28359,part3.zip:part3.txt,確認,1419155
27000-28359,part3.zip:part3.txt,共有,1419198
27000-28359,part3.zip:part3.txt,可能性,1419273
27000-28359,part3.zip:part3.txt,可能性,1421150
27000-28359,part3.zip:part3.txt,確認,1421242
27000-28359,part3.zip:part3.txt,監視,1421773
27000-28359,part3.zip:part3.txt,削除,1422119
27000-28359,part3.zip:part3.txt,削除,1422174
27000-28359,part3.zip:part3.txt,遮断,1424773
27000-28359,part3.zip:part3.txt,遮断,1424810
27000-28359,part3.zip:part3.txt,確認,1428036
27000-28359,part3.zip:part3.txt,可能性,1428531
27000-28359,part3.zip:part3.txt,監視,1428563
27000-28359,part3.zip:part3.txt,確認,1428602
27000-28359,part3.zip:part3.txt,通信,1428609
27000-28359,part3.zip:part3.txt,検証,1429003
27000-28359,part3.zip:part3.txt,追跡,1429046
27000-28359,part3.zip:part3.txt,設定,1430004
27000-28359,part3.zip:part3.txt,可能性,1431294
27000-28359,part3.zip:part3.txt,可能性,1433000
27000-28359,part3.zip:part3.txt,可能性,1433967
27000-28359,part3.zip:part3.txt,確認,1434447
27000-28359,part3.zip:part3.txt,可能性,1434675
27000-28359,part3.zip:part3.txt,確認,1439211
