file,hit_term,pos
part3.zip:part3.txt,削除,33
part3.zip:part3.txt,確認,1646
part3.zip:part3.txt,監視,1984
part3.zip:part3.txt,可能性,2035
part3.zip:part3.txt,確認,2128
part3.zip:part3.txt,可能性,2191
part3.zip:part3.txt,可能性,2285
part3.zip:part3.txt,アクセス,14453
part3.zip:part3.txt,監視,14477
part3.zip:part3.txt,確認,70744
part3.zip:part3.txt,アクセス,70926
part3.zip:part3.txt,同期,70961
part3.zip:part3.txt,監視,70976
part3.zip:part3.txt,確認,71024
part3.zip:part3.txt,アクセス,71467
part3.zip:part3.txt,監視,71582
part3.zip:part3.txt,削除,71674
part3.zip:part3.txt,アクセス,73516
part3.zip:part3.txt,同期,73558
part3.zip:part3.txt,位置情報,73883
part3.zip:part3.txt,同期,73961
part3.zip:part3.txt,監視,74134
part3.zip:part3.txt,監視,74283
part3.zip:part3.txt,確認,97116
part3.zip:part3.txt,確認,97223
part3.zip:part3.txt,確認,97604
part3.zip:part3.txt,監視,97712
part3.zip:part3.txt,監視,97784
part3.zip:part3.txt,確認,97790
part3.zip:part3.txt,確認,98013
part3.zip:part3.txt,監視,98041
part3.zip:part3.txt,監視,98069
part3.zip:part3.txt,同期,98106
part3.zip:part3.txt,監視,98207
part3.zip:part3.txt,確認,98240
part3.zip:part3.txt,可能性,99897
part3.zip:part3.txt,同期,100194
part3.zip:part3.txt,同期,100387
part3.zip:part3.txt,設定,100621
part3.zip:part3.txt,許可,100676
part3.zip:part3.txt,検証,100716
part3.zip:part3.txt,アクセス,100780
part3.zip:part3.txt,アクセス,100985
part3.zip:part3.txt,同期,101012
part3.zip:part3.txt,可能性,101110
part3.zip:part3.txt,監視,101125
part3.zip:part3.txt,可能性,101150
part3.zip:part3.txt,同期,101176
part3.zip:part3.txt,可能性,101233
part3.zip:part3.txt,可能性,102266
part3.zip:part3.txt,監視,103178
part3.zip:part3.txt,可能性,103353
part3.zip:part3.txt,アクセス,103530
part3.zip:part3.txt,可能性,103620
part3.zip:part3.txt,可能性,103660
part3.zip:part3.txt,共有,104167
part3.zip:part3.txt,可能性,104189
part3.zip:part3.txt,可能性,104267
part3.zip:part3.txt,設定,104324
part3.zip:part3.txt,確認,106679
part3.zip:part3.txt,確認,106684
part3.zip:part3.txt,確認,109086
part3.zip:part3.txt,確認,109091
part3.zip:part3.txt,確認,112802
part3.zip:part3.txt,確認,112807
part3.zip:part3.txt,可能性,121255
part3.zip:part3.txt,確認,121351
part3.zip:part3.txt,確認,122411
part3.zip:part3.txt,確認,122611
part3.zip:part3.txt,確認,125879
part3.zip:part3.txt,確認,126079
part3.zip:part3.txt,監視,132519
part3.zip:part3.txt,可能性,132631
part3.zip:part3.txt,可能性,132855
part3.zip:part3.txt,監視,133076
part3.zip:part3.txt,確認,135113
part3.zip:part3.txt,確認,135260
part3.zip:part3.txt,確認,137481
part3.zip:part3.txt,確認,139601
part3.zip:part3.txt,設定,142831
part3.zip:part3.txt,同期,143113
part3.zip:part3.txt,可能性,143138
part3.zip:part3.txt,設定,143149
part3.zip:part3.txt,設定,143183
part3.zip:part3.txt,監視,143194
part3.zip:part3.txt,設定,143211
part3.zip:part3.txt,確認,144703
part3.zip:part3.txt,確認,148078
part3.zip:part3.txt,確認,156842
part3.zip:part3.txt,確認,159522
part3.zip:part3.txt,設定,181217
part3.zip:part3.txt,削除,181267
part3.zip:part3.txt,監視,181347
part3.zip:part3.txt,確認,183387
part3.zip:part3.txt,確認,185312
part3.zip:part3.txt,許可,189090
part3.zip:part3.txt,可能性,189344
part3.zip:part3.txt,確認,190388
part3.zip:part3.txt,確認,192625
part3.zip:part3.txt,復元,196594
part3.zip:part3.txt,復元,198480
part3.zip:part3.txt,復元,200988
part3.zip:part3.txt,復元,203785
part3.zip:part3.txt,復元,204479
part3.zip:part3.txt,確認,206314
part3.zip:part3.txt,確認,206394
part3.zip:part3.txt,確認,207619
part3.zip:part3.txt,確認,207858
part3.zip:part3.txt,確認,208386
part3.zip:part3.txt,確認,208466
part3.zip:part3.txt,確認,208945
part3.zip:part3.txt,確認,209188
part3.zip:part3.txt,確認,210172
part3.zip:part3.txt,確認,210956
part3.zip:part3.txt,可能性,212332
part3.zip:part3.txt,削除,212427
part3.zip:part3.txt,確認,212476
part3.zip:part3.txt,確認,213520
part3.zip:part3.txt,確認,215648
part3.zip:part3.txt,復元,218887
part3.zip:part3.txt,復元,218917
part3.zip:part3.txt,確認,219622
part3.zip:part3.txt,通信,219744
part3.zip:part3.txt,通信,219823
part3.zip:part3.txt,通信,219854
part3.zip:part3.txt,可能性,219875
part3.zip:part3.txt,通信,219999
part3.zip:part3.txt,通信,220156
part3.zip:part3.txt,確認,231580
part3.zip:part3.txt,確認,240021
part3.zip:part3.txt,通信,240286
part3.zip:part3.txt,通信,240433
part3.zip:part3.txt,追跡,240548
part3.zip:part3.txt,確認,242577
part3.zip:part3.txt,確認,242706
part3.zip:part3.txt,確認,244868
part3.zip:part3.txt,確認,257484
part3.zip:part3.txt,確認,270172
part3.zip:part3.txt,設定,270378
part3.zip:part3.txt,設定,271055
part3.zip:part3.txt,設定,271117
part3.zip:part3.txt,通信,271319
part3.zip:part3.txt,追跡,271567
part3.zip:part3.txt,確認,272762
part3.zip:part3.txt,可能性,272911
part3.zip:part3.txt,監視,273012
part3.zip:part3.txt,監視,274062
part3.zip:part3.txt,可能性,274154
part3.zip:part3.txt,確認,274323
part3.zip:part3.txt,監視,274715
part3.zip:part3.txt,通信,274731
part3.zip:part3.txt,可能性,274854
part3.zip:part3.txt,削除,274927
part3.zip:part3.txt,確認,275122
part3.zip:part3.txt,可能性,275147
part3.zip:part3.txt,可能性,304130
part3.zip:part3.txt,可能性,304202
part3.zip:part3.txt,通信,317026
part3.zip:part3.txt,通信,317201
part3.zip:part3.txt,検証,317625
part3.zip:part3.txt,認証,317672
part3.zip:part3.txt,可能性,317723
part3.zip:part3.txt,可能性,318098
part3.zip:part3.txt,可能性,318494
part3.zip:part3.txt,削除,328009
part3.zip:part3.txt,確認,329503
part3.zip:part3.txt,確認,329660
part3.zip:part3.txt,確認,332179
part3.zip:part3.txt,確認,334176
part3.zip:part3.txt,確認,336325
part3.zip:part3.txt,通信,336480
part3.zip:part3.txt,確認,336815
part3.zip:part3.txt,確認,337965
part3.zip:part3.txt,確認,340147
part3.zip:part3.txt,確認,346738
part3.zip:part3.txt,設定,358844
part3.zip:part3.txt,通信,359290
part3.zip:part3.txt,通信,359333
part3.zip:part3.txt,監視,359571
part3.zip:part3.txt,可能性,359613
part3.zip:part3.txt,通信,359670
part3.zip:part3.txt,通信,360250
part3.zip:part3.txt,追跡,360268
part3.zip:part3.txt,可能性,360297
part3.zip:part3.txt,確認,361201
part3.zip:part3.txt,監視,362074
part3.zip:part3.txt,追跡,362129
part3.zip:part3.txt,監視,362568
part3.zip:part3.txt,可能性,362763
part3.zip:part3.txt,確認,363117
part3.zip:part3.txt,通信,363322
part3.zip:part3.txt,確認,363723
part3.zip:part3.txt,退避,364135
part3.zip:part3.txt,設定,364229
part3.zip:part3.txt,監視,366172
part3.zip:part3.txt,可能性,366208
part3.zip:part3.txt,可能性,366547
part3.zip:part3.txt,可能性,366926
part3.zip:part3.txt,監視,366965
part3.zip:part3.txt,可能性,367004
part3.zip:part3.txt,通信,369101
part3.zip:part3.txt,通信,369295
part3.zip:part3.txt,監視,369461
part3.zip:part3.txt,追跡,369473
part3.zip:part3.txt,監視,369910
part3.zip:part3.txt,可能性,369942
part3.zip:part3.txt,通信,369956
part3.zip:part3.txt,通信,370345
part3.zip:part3.txt,通信,370456
part3.zip:part3.txt,通信,390282
part3.zip:part3.txt,通信,390378
part3.zip:part3.txt,通信,390497
part3.zip:part3.txt,通信,390608
part3.zip:part3.txt,通信,390688
part3.zip:part3.txt,通信,390703
part3.zip:part3.txt,通信,392601
part3.zip:part3.txt,削除,392638
part3.zip:part3.txt,通信,392698
part3.zip:part3.txt,通信,392764
part3.zip:part3.txt,通信,392816
part3.zip:part3.txt,設定,394605
part3.zip:part3.txt,確認,394693
part3.zip:part3.txt,設定,396996
part3.zip:part3.txt,確認,397096
part3.zip:part3.txt,設定,398635
part3.zip:part3.txt,確認,398735
part3.zip:part3.txt,検証,406954
part3.zip:part3.txt,検証,407470
part3.zip:part3.txt,可能性,407613
part3.zip:part3.txt,通信,407671
part3.zip:part3.txt,遮断,407673
part3.zip:part3.txt,通信,407861
part3.zip:part3.txt,通信,407916
part3.zip:part3.txt,可能性,407930
part3.zip:part3.txt,通信,408196
part3.zip:part3.txt,削除,408213
part3.zip:part3.txt,通信,408262
part3.zip:part3.txt,遮断,408265
part3.zip:part3.txt,設定,410072
part3.zip:part3.txt,確認,410162
part3.zip:part3.txt,設定,412483
part3.zip:part3.txt,確認,412578
part3.zip:part3.txt,設定,414134
part3.zip:part3.txt,確認,414229
part3.zip:part3.txt,確認,416187
part3.zip:part3.txt,確認,416294
part3.zip:part3.txt,確認,418654
part3.zip:part3.txt,確認,418761
part3.zip:part3.txt,通信,422428
part3.zip:part3.txt,設定,422770
part3.zip:part3.txt,設定,423189
part3.zip:part3.txt,通信,423192
part3.zip:part3.txt,追跡,423395
part3.zip:part3.txt,削除,423409
part3.zip:part3.txt,通信,423482
part3.zip:part3.txt,設定,423608
part3.zip:part3.txt,位置情報,423626
part3.zip:part3.txt,確認,424768
part3.zip:part3.txt,可能性,424917
part3.zip:part3.txt,監視,425018
part3.zip:part3.txt,監視,426305
part3.zip:part3.txt,監視,426563
part3.zip:part3.txt,削除,426902
part3.zip:part3.txt,追跡,446234
part3.zip:part3.txt,監視,446257
part3.zip:part3.txt,追跡,446429
part3.zip:part3.txt,監視,446788
part3.zip:part3.txt,位置情報,447062
part3.zip:part3.txt,監視,447072
part3.zip:part3.txt,通信,447201
part3.zip:part3.txt,通信,447348
part3.zip:part3.txt,監視,447457
part3.zip:part3.txt,可能性,447526
part3.zip:part3.txt,可能性,447620
part3.zip:part3.txt,可能性,447742
part3.zip:part3.txt,削除,448110
part3.zip:part3.txt,遮断,460909
part3.zip:part3.txt,通信,461554
part3.zip:part3.txt,検証,461843
part3.zip:part3.txt,同期,461853
part3.zip:part3.txt,可能性,461928
part3.zip:part3.txt,通信,462293
part3.zip:part3.txt,可能性,462318
part3.zip:part3.txt,削除,462646
part3.zip:part3.txt,追跡,462831
part3.zip:part3.txt,通信,462891
part3.zip:part3.txt,確認,465047
part3.zip:part3.txt,確認,467435
part3.zip:part3.txt,確認,469126
part3.zip:part3.txt,確認,471011
part3.zip:part3.txt,通信,471269
part3.zip:part3.txt,通信,471295
part3.zip:part3.txt,アクセス,471323
part3.zip:part3.txt,通信,471343
part3.zip:part3.txt,可能性,471371
part3.zip:part3.txt,検証,471447
part3.zip:part3.txt,通信,471463
part3.zip:part3.txt,検証,471487
part3.zip:part3.txt,通信,471496
part3.zip:part3.txt,通信,471531
part3.zip:part3.txt,可能性,471562
part3.zip:part3.txt,設定,471708
part3.zip:part3.txt,監視,471733
part3.zip:part3.txt,可能性,471890
part3.zip:part3.txt,通信,472412
part3.zip:part3.txt,遮断,472415
part3.zip:part3.txt,可能性,472715
part3.zip:part3.txt,監視,472802
part3.zip:part3.txt,可能性,473373
part3.zip:part3.txt,通信,475446
part3.zip:part3.txt,可能性,475781
part3.zip:part3.txt,通信,475986
part3.zip:part3.txt,通信,476431
part3.zip:part3.txt,確認,482869
part3.zip:part3.txt,確認,482992
part3.zip:part3.txt,遮断,483006
part3.zip:part3.txt,通信,483051
part3.zip:part3.txt,確認,483055
part3.zip:part3.txt,確認,489337
part3.zip:part3.txt,確認,489437
part3.zip:part3.txt,確認,490681
part3.zip:part3.txt,確認,490781
part3.zip:part3.txt,確認,492348
part3.zip:part3.txt,可能性,506121
part3.zip:part3.txt,アクセス,506569
part3.zip:part3.txt,確認,506632
part3.zip:part3.txt,退避,508839
part3.zip:part3.txt,可能性,508954
part3.zip:part3.txt,通信,508966
part3.zip:part3.txt,遮断,510355
part3.zip:part3.txt,遮断,510433
part3.zip:part3.txt,可能性,510527
part3.zip:part3.txt,遮断,510572
part3.zip:part3.txt,遮断,510659
part3.zip:part3.txt,監視,510662
part3.zip:part3.txt,追跡,510665
part3.zip:part3.txt,設定,533335
part3.zip:part3.txt,設定,533403
part3.zip:part3.txt,監視,534089
part3.zip:part3.txt,可能性,534113
part3.zip:part3.txt,追跡,534369
part3.zip:part3.txt,可能性,534444
part3.zip:part3.txt,通信,549243
part3.zip:part3.txt,通信,549263
part3.zip:part3.txt,遮断,549271
part3.zip:part3.txt,可能性,549285
part3.zip:part3.txt,監視,549481
part3.zip:part3.txt,可能性,549768
part3.zip:part3.txt,通信,550198
part3.zip:part3.txt,設定,550201
part3.zip:part3.txt,通信,550220
part3.zip:part3.txt,可能性,550287
part3.zip:part3.txt,可能性,568214
part3.zip:part3.txt,可能性,568801
part3.zip:part3.txt,監視,568844
part3.zip:part3.txt,確認,568962
part3.zip:part3.txt,確認,579885
part3.zip:part3.txt,確認,582362
part3.zip:part3.txt,設定,586716
part3.zip:part3.txt,確認,588890
part3.zip:part3.txt,確認,590049
part3.zip:part3.txt,確認,592483
part3.zip:part3.txt,確認,595986
part3.zip:part3.txt,確認,596016
part3.zip:part3.txt,通信,596098
part3.zip:part3.txt,設定,596133
part3.zip:part3.txt,可能性,596177
part3.zip:part3.txt,設定,613392
part3.zip:part3.txt,アクセス,613430
part3.zip:part3.txt,可能性,613447
part3.zip:part3.txt,通信,613519
part3.zip:part3.txt,通信,613604
part3.zip:part3.txt,通信,613662
part3.zip:part3.txt,確認,615000
part3.zip:part3.txt,可能性,620642
part3.zip:part3.txt,可能性,620869
part3.zip:part3.txt,可能性,620958
part3.zip:part3.txt,確認,621059
part3.zip:part3.txt,確認,621107
part3.zip:part3.txt,確認,621262
part3.zip:part3.txt,確認,621362
part3.zip:part3.txt,確認,621404
part3.zip:part3.txt,確認,623769
part3.zip:part3.txt,アクセス,623951
part3.zip:part3.txt,復元,624136
part3.zip:part3.txt,可能性,624245
part3.zip:part3.txt,可能性,624305
part3.zip:part3.txt,確認,624374
part3.zip:part3.txt,アクセス,624394
part3.zip:part3.txt,確認,624425
part3.zip:part3.txt,可能性,624537
part3.zip:part3.txt,アクセス,624587
part3.zip:part3.txt,可能性,632413
part3.zip:part3.txt,削除,632490
part3.zip:part3.txt,削除,632527
part3.zip:part3.txt,削除,632551
part3.zip:part3.txt,削除,632596
part3.zip:part3.txt,同期,632614
part3.zip:part3.txt,削除,632644
part3.zip:part3.txt,削除,632702
part3.zip:part3.txt,削除,632798
part3.zip:part3.txt,確認,632931
part3.zip:part3.txt,削除,633044
part3.zip:part3.txt,削除,633102
part3.zip:part3.txt,監視,635643
part3.zip:part3.txt,削除,635898
part3.zip:part3.txt,確認,636104
part3.zip:part3.txt,確認,636206
part3.zip:part3.txt,位置情報,640322
part3.zip:part3.txt,通信,640334
part3.zip:part3.txt,監視,640338
part3.zip:part3.txt,設定,640593
part3.zip:part3.txt,アクセス,640606
part3.zip:part3.txt,可能性,640613
part3.zip:part3.txt,設定,641366
part3.zip:part3.txt,確認,641422
part3.zip:part3.txt,削除,641435
part3.zip:part3.txt,確認,664008
part3.zip:part3.txt,可能性,664277
part3.zip:part3.txt,通信,664352
part3.zip:part3.txt,確認,734015
part3.zip:part3.txt,監視,734281
part3.zip:part3.txt,監視,734292
part3.zip:part3.txt,可能性,734295
part3.zip:part3.txt,位置情報,734359
part3.zip:part3.txt,監視,734466
part3.zip:part3.txt,監視,776049
part3.zip:part3.txt,監視,776060
part3.zip:part3.txt,位置情報,776195
part3.zip:part3.txt,可能性,776472
part3.zip:part3.txt,監視,776519
part3.zip:part3.txt,可能性,776533
part3.zip:part3.txt,監視,784918
part3.zip:part3.txt,可能性,784970
part3.zip:part3.txt,追跡,785065
part3.zip:part3.txt,同期,785101
part3.zip:part3.txt,認証,791170
part3.zip:part3.txt,認証,793470
part3.zip:part3.txt,認証,793477
part3.zip:part3.txt,認証,794225
part3.zip:part3.txt,認証,794340
part3.zip:part3.txt,認証,794349
part3.zip:part3.txt,設定,794929
part3.zip:part3.txt,認証,795602
part3.zip:part3.txt,設定,795766
part3.zip:part3.txt,認証,798421
part3.zip:part3.txt,通信,800333
part3.zip:part3.txt,通信,800365
part3.zip:part3.txt,認証,800512
part3.zip:part3.txt,通信,800727
part3.zip:part3.txt,通信,800836
part3.zip:part3.txt,確認,800889
part3.zip:part3.txt,認証,801883
part3.zip:part3.txt,認証,802752
part3.zip:part3.txt,削除,803223
part3.zip:part3.txt,設定,803238
part3.zip:part3.txt,削除,803259
part3.zip:part3.txt,設定,803280
part3.zip:part3.txt,可能性,803377
part3.zip:part3.txt,検証,803407
part3.zip:part3.txt,設定,803647
part3.zip:part3.txt,可能性,803698
part3.zip:part3.txt,認証,803730
part3.zip:part3.txt,認証,803747
part3.zip:part3.txt,同期,803784
part3.zip:part3.txt,認証,803874
part3.zip:part3.txt,認証,804012
part3.zip:part3.txt,設定,804091
part3.zip:part3.txt,可能性,805762
part3.zip:part3.txt,認証,805823
part3.zip:part3.txt,監視,806044
part3.zip:part3.txt,共有,806235
part3.zip:part3.txt,アクセス,806544
part3.zip:part3.txt,認証,806560
part3.zip:part3.txt,確認,806569
part3.zip:part3.txt,削除,806586
part3.zip:part3.txt,復元,806728
part3.zip:part3.txt,復元,806763
part3.zip:part3.txt,認証,806833
part3.zip:part3.txt,認証,807069
part3.zip:part3.txt,確認,807132
part3.zip:part3.txt,通信,809155
part3.zip:part3.txt,可能性,809167
part3.zip:part3.txt,通信,809212
part3.zip:part3.txt,通信,809429
part3.zip:part3.txt,秘密,809568
part3.zip:part3.txt,指令,809579
part3.zip:part3.txt,通信,809710
part3.zip:part3.txt,認証,809714
part3.zip:part3.txt,監視,809729
part3.zip:part3.txt,通信,809833
part3.zip:part3.txt,遮断,809835
part3.zip:part3.txt,遮断,809861
part3.zip:part3.txt,認証,809892
part3.zip:part3.txt,認証,809907
part3.zip:part3.txt,監視,810059
part3.zip:part3.txt,通信,811989
part3.zip:part3.txt,通信,812108
part3.zip:part3.txt,可能性,812167
part3.zip:part3.txt,可能性,812217
part3.zip:part3.txt,可能性,812299
part3.zip:part3.txt,通信,812326
part3.zip:part3.txt,可能性,812377
part3.zip:part3.txt,可能性,813020
part3.zip:part3.txt,通信,813235
part3.zip:part3.txt,可能性,813349
part3.zip:part3.txt,可能性,815367
part3.zip:part3.txt,通信,815423
part3.zip:part3.txt,遮断,815784
part3.zip:part3.txt,遮断,815836
part3.zip:part3.txt,監視,817818
part3.zip:part3.txt,可能性,817898
part3.zip:part3.txt,通信,818038
part3.zip:part3.txt,可能性,818108
part3.zip:part3.txt,遮断,818451
part3.zip:part3.txt,遮断,818539
part3.zip:part3.txt,遮断,818619
part3.zip:part3.txt,設定,818806
part3.zip:part3.txt,設定,818847
part3.zip:part3.txt,アクセス,818862
part3.zip:part3.txt,確認,818942
part3.zip:part3.txt,削除,818967
part3.zip:part3.txt,可能性,821070
part3.zip:part3.txt,秘密,821149
part3.zip:part3.txt,通信,821250
part3.zip:part3.txt,通信,821586
part3.zip:part3.txt,可能性,821610
part3.zip:part3.txt,通信,821656
part3.zip:part3.txt,可能性,821786
part3.zip:part3.txt,通信,822013
part3.zip:part3.txt,遮断,822316
part3.zip:part3.txt,遮断,822324
part3.zip:part3.txt,通信,824865
part3.zip:part3.txt,通信,824871
part3.zip:part3.txt,可能性,824883
part3.zip:part3.txt,通信,825050
part3.zip:part3.txt,監視,825440
part3.zip:part3.txt,遮断,825571
part3.zip:part3.txt,通信,825711
part3.zip:part3.txt,可能性,827637
part3.zip:part3.txt,可能性,827803
part3.zip:part3.txt,監視,827828
part3.zip:part3.txt,可能性,828139
part3.zip:part3.txt,監視,828547
part3.zip:part3.txt,確認,830438
part3.zip:part3.txt,認証,830516
part3.zip:part3.txt,認証,830526
part3.zip:part3.txt,可能性,830644
part3.zip:part3.txt,可能性,830670
part3.zip:part3.txt,可能性,830692
part3.zip:part3.txt,可能性,830846
part3.zip:part3.txt,設定,830919
part3.zip:part3.txt,認証,831026
part3.zip:part3.txt,可能性,831098
part3.zip:part3.txt,可能性,831227
part3.zip:part3.txt,確認,831373
part3.zip:part3.txt,確認,831404
part3.zip:part3.txt,設定,831421
part3.zip:part3.txt,確認,831469
part3.zip:part3.txt,削除,831497
part3.zip:part3.txt,確認,831575
part3.zip:part3.txt,削除,831578
part3.zip:part3.txt,確認,831649
part3.zip:part3.txt,削除,831664
part3.zip:part3.txt,設定,831688
part3.zip:part3.txt,同期,831794
part3.zip:part3.txt,認証,831840
part3.zip:part3.txt,認証,833969
part3.zip:part3.txt,認証,834007
part3.zip:part3.txt,認証,834059
part3.zip:part3.txt,認証,834078
part3.zip:part3.txt,許可,834098
part3.zip:part3.txt,可能性,834185
part3.zip:part3.txt,監視,834252
part3.zip:part3.txt,通信,834961
part3.zip:part3.txt,可能性,834982
part3.zip:part3.txt,可能性,835158
part3.zip:part3.txt,復元,835243
part3.zip:part3.txt,可能性,835267
part3.zip:part3.txt,監視,837899
part3.zip:part3.txt,通信,838117
part3.zip:part3.txt,検証,838166
part3.zip:part3.txt,確認,838195
part3.zip:part3.txt,可能性,838246
part3.zip:part3.txt,退避,838286
part3.zip:part3.txt,同期,838307
part3.zip:part3.txt,アクセス,838398
part3.zip:part3.txt,通信,838425
part3.zip:part3.txt,通信,841419
part3.zip:part3.txt,通信,841457
part3.zip:part3.txt,通信,841476
part3.zip:part3.txt,可能性,841527
part3.zip:part3.txt,監視,841716
part3.zip:part3.txt,可能性,841731
part3.zip:part3.txt,監視,842005
part3.zip:part3.txt,通信,842137
part3.zip:part3.txt,可能性,842157
part3.zip:part3.txt,監視,842218
part3.zip:part3.txt,通信,842333
part3.zip:part3.txt,通信,842579
part3.zip:part3.txt,確認,842614
part3.zip:part3.txt,通信,842730
part3.zip:part3.txt,監視,842747
part3.zip:part3.txt,通信,847426
part3.zip:part3.txt,通信,847789
part3.zip:part3.txt,可能性,847907
part3.zip:part3.txt,通信,848128
part3.zip:part3.txt,通信,848267
part3.zip:part3.txt,通信,848339
part3.zip:part3.txt,検証,848499
part3.zip:part3.txt,可能性,848590
part3.zip:part3.txt,監視,848726
part3.zip:part3.txt,通信,848898
part3.zip:part3.txt,監視,848924
part3.zip:part3.txt,検証,848965
part3.zip:part3.txt,可能性,854702
part3.zip:part3.txt,監視,854830
part3.zip:part3.txt,確認,855984
part3.zip:part3.txt,通信,856026
part3.zip:part3.txt,監視,856029
part3.zip:part3.txt,通信,856287
part3.zip:part3.txt,可能性,856295
part3.zip:part3.txt,設定,856318
part3.zip:part3.txt,通信,856335
part3.zip:part3.txt,通信,856547
part3.zip:part3.txt,通信,856892
part3.zip:part3.txt,通信,856917
part3.zip:part3.txt,通信,856945
part3.zip:part3.txt,可能性,856972
part3.zip:part3.txt,通信,857006
part3.zip:part3.txt,検証,857088
part3.zip:part3.txt,確認,857104
part3.zip:part3.txt,通信,857135
part3.zip:part3.txt,可能性,857185
part3.zip:part3.txt,通信,857315
part3.zip:part3.txt,可能性,857432
part3.zip:part3.txt,可能性,857491
part3.zip:part3.txt,通信,857587
part3.zip:part3.txt,可能性,857624
part3.zip:part3.txt,通信,857791
part3.zip:part3.txt,通信,857863
part3.zip:part3.txt,遮断,857866
part3.zip:part3.txt,復元,857893
part3.zip:part3.txt,復元,857912
part3.zip:part3.txt,通信,860048
part3.zip:part3.txt,通信,860105
part3.zip:part3.txt,設定,860283
part3.zip:part3.txt,通信,860380
part3.zip:part3.txt,可能性,860404
part3.zip:part3.txt,通信,860456
part3.zip:part3.txt,可能性,860563
part3.zip:part3.txt,監視,860766
part3.zip:part3.txt,可能性,860870
part3.zip:part3.txt,監視,861184
part3.zip:part3.txt,アクセス,861414
part3.zip:part3.txt,可能性,863096
part3.zip:part3.txt,監視,863339
part3.zip:part3.txt,通信,863470
part3.zip:part3.txt,通信,863687
part3.zip:part3.txt,可能性,863698
part3.zip:part3.txt,通信,863916
part3.zip:part3.txt,通信,863989
part3.zip:part3.txt,確認,864001
part3.zip:part3.txt,追跡,864094
part3.zip:part3.txt,通信,864241
part3.zip:part3.txt,監視,864339
part3.zip:part3.txt,通信,864360
part3.zip:part3.txt,認証,867095
part3.zip:part3.txt,削除,867127
part3.zip:part3.txt,アクセス,867326
part3.zip:part3.txt,設定,867369
part3.zip:part3.txt,設定,867409
part3.zip:part3.txt,削除,867549
part3.zip:part3.txt,確認,867616
part3.zip:part3.txt,削除,867628
part3.zip:part3.txt,認証,867682
part3.zip:part3.txt,認証,867872
part3.zip:part3.txt,設定,867882
part3.zip:part3.txt,設定,868101
part3.zip:part3.txt,削除,868104
part3.zip:part3.txt,アクセス,868219
part3.zip:part3.txt,削除,869107
part3.zip:part3.txt,アクセス,870000
part3.zip:part3.txt,認証,870086
part3.zip:part3.txt,設定,870153
part3.zip:part3.txt,削除,870217
part3.zip:part3.txt,削除,870893
part3.zip:part3.txt,削除,870909
part3.zip:part3.txt,削除,871052
part3.zip:part3.txt,削除,872744
part3.zip:part3.txt,確認,872807
part3.zip:part3.txt,確認,872930
part3.zip:part3.txt,削除,872952
part3.zip:part3.txt,削除,873139
part3.zip:part3.txt,アクセス,874524
part3.zip:part3.txt,可能性,881427
part3.zip:part3.txt,設定,881505
part3.zip:part3.txt,可能性,881574
part3.zip:part3.txt,設定,881591
part3.zip:part3.txt,通信,881650
part3.zip:part3.txt,設定,881719
part3.zip:part3.txt,可能性,881873
part3.zip:part3.txt,アクセス,881948
part3.zip:part3.txt,設定,882150
part3.zip:part3.txt,設定,882179
part3.zip:part3.txt,アクセス,882386
part3.zip:part3.txt,可能性,882474
part3.zip:part3.txt,確認,882621
part3.zip:part3.txt,設定,882629
part3.zip:part3.txt,確認,882666
part3.zip:part3.txt,確認,882938
part3.zip:part3.txt,アクセス,883002
part3.zip:part3.txt,遮断,889837
part3.zip:part3.txt,遮断,889871
part3.zip:part3.txt,可能性,889879
part3.zip:part3.txt,確認,889917
part3.zip:part3.txt,設定,889935
part3.zip:part3.txt,削除,889973
part3.zip:part3.txt,設定,889982
part3.zip:part3.txt,通信,889991
part3.zip:part3.txt,通信,890003
part3.zip:part3.txt,設定,890019
part3.zip:part3.txt,確認,890030
part3.zip:part3.txt,認証,890069
part3.zip:part3.txt,認証,890086
part3.zip:part3.txt,設定,890122
part3.zip:part3.txt,削除,890214
part3.zip:part3.txt,監視,890257
part3.zip:part3.txt,通信,890281
part3.zip:part3.txt,設定,890362
part3.zip:part3.txt,設定,890396
part3.zip:part3.txt,設定,890453
part3.zip:part3.txt,設定,890486
part3.zip:part3.txt,可能性,890518
part3.zip:part3.txt,可能性,890652
part3.zip:part3.txt,設定,890732
part3.zip:part3.txt,削除,890751
part3.zip:part3.txt,設定,890770
part3.zip:part3.txt,設定,890800
part3.zip:part3.txt,設定,890826
part3.zip:part3.txt,確認,893453
part3.zip:part3.txt,確認,893492
part3.zip:part3.txt,設定,893498
part3.zip:part3.txt,削除,893641
part3.zip:part3.txt,確認,893672
part3.zip:part3.txt,設定,893677
part3.zip:part3.txt,確認,893887
part3.zip:part3.txt,設定,893894
part3.zip:part3.txt,可能性,893999
part3.zip:part3.txt,設定,894080
part3.zip:part3.txt,可能性,894109
part3.zip:part3.txt,削除,894158
part3.zip:part3.txt,復元,894223
part3.zip:part3.txt,確認,894303
part3.zip:part3.txt,位置情報,896192
part3.zip:part3.txt,監視,896267
part3.zip:part3.txt,確認,896730
part3.zip:part3.txt,設定,896741
part3.zip:part3.txt,設定,896800
part3.zip:part3.txt,設定,896976
part3.zip:part3.txt,削除,897010
part3.zip:part3.txt,削除,897033
part3.zip:part3.txt,削除,897052
part3.zip:part3.txt,復元,897076
part3.zip:part3.txt,確認,897153
part3.zip:part3.txt,確認,899325
part3.zip:part3.txt,確認,899382
part3.zip:part3.txt,可能性,899700
part3.zip:part3.txt,設定,899738
part3.zip:part3.txt,設定,899938
part3.zip:part3.txt,設定,899960
part3.zip:part3.txt,削除,900141
part3.zip:part3.txt,設定,900154
part3.zip:part3.txt,設定,900211
part3.zip:part3.txt,復元,900322
part3.zip:part3.txt,確認,900346
part3.zip:part3.txt,設定,900388
part3.zip:part3.txt,通信,902442
part3.zip:part3.txt,可能性,902774
part3.zip:part3.txt,確認,902882
part3.zip:part3.txt,通信,906091
part3.zip:part3.txt,遮断,906093
part3.zip:part3.txt,可能性,906217
part3.zip:part3.txt,確認,906364
part3.zip:part3.txt,通信,906485
part3.zip:part3.txt,遮断,906487
part3.zip:part3.txt,通信,906509
part3.zip:part3.txt,遮断,906511
part3.zip:part3.txt,通信,906521
part3.zip:part3.txt,可能性,906526
part3.zip:part3.txt,確認,906651
part3.zip:part3.txt,設定,906774
part3.zip:part3.txt,削除,906825
part3.zip:part3.txt,削除,906850
part3.zip:part3.txt,設定,906858
part3.zip:part3.txt,設定,906954
part3.zip:part3.txt,設定,906968
part3.zip:part3.txt,設定,906994
part3.zip:part3.txt,復元,907054
part3.zip:part3.txt,設定,907100
part3.zip:part3.txt,通信,907243
part3.zip:part3.txt,復元,907377
part3.zip:part3.txt,遮断,907490
part3.zip:part3.txt,通信,918547
part3.zip:part3.txt,通信,918593
part3.zip:part3.txt,確認,918613
part3.zip:part3.txt,アクセス,918697
part3.zip:part3.txt,可能性,918824
part3.zip:part3.txt,追跡,920493
part3.zip:part3.txt,通信,920615
part3.zip:part3.txt,確認,920639
part3.zip:part3.txt,通信,920894
part3.zip:part3.txt,アクセス,920981
part3.zip:part3.txt,可能性,920988
part3.zip:part3.txt,検証,921256
part3.zip:part3.txt,可能性,921273
part3.zip:part3.txt,可能性,921520
part3.zip:part3.txt,通信,921601
part3.zip:part3.txt,設定,921671
part3.zip:part3.txt,可能性,921725
part3.zip:part3.txt,通信,921747
part3.zip:part3.txt,設定,921761
part3.zip:part3.txt,設定,922912
part3.zip:part3.txt,通信,923041
part3.zip:part3.txt,設定,923062
part3.zip:part3.txt,確認,923198
part3.zip:part3.txt,通信,924364
part3.zip:part3.txt,通信,924432
part3.zip:part3.txt,追跡,925232
part3.zip:part3.txt,通信,925280
part3.zip:part3.txt,通信,925628
part3.zip:part3.txt,遮断,925634
part3.zip:part3.txt,アクセス,925681
part3.zip:part3.txt,通信,926231
part3.zip:part3.txt,アクセス,926281
part3.zip:part3.txt,通信,926413
part3.zip:part3.txt,通信,927469
part3.zip:part3.txt,通信,927507
part3.zip:part3.txt,通信,928294
part3.zip:part3.txt,通信,928449
part3.zip:part3.txt,通信,928492
part3.zip:part3.txt,通信,928517
part3.zip:part3.txt,通信,928684
part3.zip:part3.txt,可能性,928734
part3.zip:part3.txt,通信,928981
part3.zip:part3.txt,通信,929073
part3.zip:part3.txt,通信,929299
part3.zip:part3.txt,検証,929320
part3.zip:part3.txt,アクセス,929345
part3.zip:part3.txt,通信,929492
part3.zip:part3.txt,通信,929560
part3.zip:part3.txt,遮断,929566
part3.zip:part3.txt,削除,929596
part3.zip:part3.txt,通信,929641
part3.zip:part3.txt,通信,929711
part3.zip:part3.txt,通信,929737
part3.zip:part3.txt,可能性,929770
part3.zip:part3.txt,通信,930822
part3.zip:part3.txt,通信,930872
part3.zip:part3.txt,通信,931633
part3.zip:part3.txt,監視,931694
part3.zip:part3.txt,通信,931882
part3.zip:part3.txt,許可,932054
part3.zip:part3.txt,通信,932177
part3.zip:part3.txt,通信,932276
part3.zip:part3.txt,通信,932407
part3.zip:part3.txt,通信,932538
part3.zip:part3.txt,確認,932611
part3.zip:part3.txt,通信,932802
part3.zip:part3.txt,可能性,932946
part3.zip:part3.txt,通信,934575
part3.zip:part3.txt,通信,934674
part3.zip:part3.txt,通信,934747
part3.zip:part3.txt,遮断,934749
part3.zip:part3.txt,通信,934810
part3.zip:part3.txt,通信,934876
part3.zip:part3.txt,通信,935036
part3.zip:part3.txt,通信,935152
part3.zip:part3.txt,通信,935199
part3.zip:part3.txt,通信,935280
part3.zip:part3.txt,通信,936512
part3.zip:part3.txt,通信,937371
part3.zip:part3.txt,通信,937478
part3.zip:part3.txt,通信,937766
part3.zip:part3.txt,通信,937878
part3.zip:part3.txt,通信,938167
part3.zip:part3.txt,遮断,938169
part3.zip:part3.txt,通信,938316
part3.zip:part3.txt,確認,938327
part3.zip:part3.txt,通信,940096
part3.zip:part3.txt,通信,941990
part3.zip:part3.txt,通信,942038
part3.zip:part3.txt,通信,942289
part3.zip:part3.txt,通信,942302
part3.zip:part3.txt,確認,942369
part3.zip:part3.txt,遮断,942452
part3.zip:part3.txt,通信,942553
part3.zip:part3.txt,通信,942753
part3.zip:part3.txt,確認,942810
part3.zip:part3.txt,可能性,942844
part3.zip:part3.txt,通信,942852
part3.zip:part3.txt,通信,942908
part3.zip:part3.txt,通信,943007
part3.zip:part3.txt,遮断,943009
part3.zip:part3.txt,通信,943138
part3.zip:part3.txt,監視,943153
part3.zip:part3.txt,監視,944568
part3.zip:part3.txt,監視,946051
part3.zip:part3.txt,アクセス,946144
part3.zip:part3.txt,通信,946390
part3.zip:part3.txt,アクセス,946634
part3.zip:part3.txt,通信,946902
part3.zip:part3.txt,監視,947147
part3.zip:part3.txt,監視,947223
part3.zip:part3.txt,可能性,949123
part3.zip:part3.txt,可能性,949278
part3.zip:part3.txt,通信,949399
part3.zip:part3.txt,可能性,949681
part3.zip:part3.txt,可能性,949771
part3.zip:part3.txt,監視,949807
part3.zip:part3.txt,確認,951481
part3.zip:part3.txt,監視,951656
part3.zip:part3.txt,遮断,951671
part3.zip:part3.txt,アクセス,951848
part3.zip:part3.txt,設定,951913
part3.zip:part3.txt,設定,951985
part3.zip:part3.txt,復元,952090
part3.zip:part3.txt,確認,955049
part3.zip:part3.txt,追跡,957743
part3.zip:part3.txt,通信,957906
part3.zip:part3.txt,確認,960867
part3.zip:part3.txt,確認,961081
part3.zip:part3.txt,可能性,961782
part3.zip:part3.txt,アクセス,963619
part3.zip:part3.txt,追跡,963865
part3.zip:part3.txt,監視,963891
part3.zip:part3.txt,設定,964109
part3.zip:part3.txt,可能性,964242
part3.zip:part3.txt,監視,964290
part3.zip:part3.txt,監視,964342
part3.zip:part3.txt,削除,964449
part3.zip:part3.txt,設定,964454
part3.zip:part3.txt,設定,964491
part3.zip:part3.txt,確認,964542
part3.zip:part3.txt,削除,964546
part3.zip:part3.txt,可能性,966436
part3.zip:part3.txt,共有,966525
part3.zip:part3.txt,可能性,966808
part3.zip:part3.txt,通信,966836
part3.zip:part3.txt,監視,966893
part3.zip:part3.txt,確認,966973
part3.zip:part3.txt,確認,967042
part3.zip:part3.txt,遮断,967203
part3.zip:part3.txt,確認,967223
part3.zip:part3.txt,可能性,968991
part3.zip:part3.txt,可能性,969126
part3.zip:part3.txt,可能性,969223
part3.zip:part3.txt,アクセス,969598
part3.zip:part3.txt,確認,969666
part3.zip:part3.txt,削除,969784
part3.zip:part3.txt,設定,969792
part3.zip:part3.txt,設定,969834
part3.zip:part3.txt,削除,969875
part3.zip:part3.txt,監視,969902
part3.zip:part3.txt,通信,969997
part3.zip:part3.txt,確認,970156
part3.zip:part3.txt,監視,971871
part3.zip:part3.txt,通信,972189
part3.zip:part3.txt,監視,972200
part3.zip:part3.txt,通信,973119
part3.zip:part3.txt,位置情報,973340
part3.zip:part3.txt,共有,973707
part3.zip:part3.txt,監視,973796
part3.zip:part3.txt,通信,973905
part3.zip:part3.txt,監視,973992
part3.zip:part3.txt,アクセス,974030
part3.zip:part3.txt,通信,974107
part3.zip:part3.txt,可能性,974152
part3.zip:part3.txt,通信,974190
part3.zip:part3.txt,遮断,974192
part3.zip:part3.txt,通信,974279
part3.zip:part3.txt,確認,974325
part3.zip:part3.txt,監視,976068
part3.zip:part3.txt,通信,981198
part3.zip:part3.txt,遮断,981240
part3.zip:part3.txt,監視,981262
part3.zip:part3.txt,削除,981275
part3.zip:part3.txt,追跡,981289
part3.zip:part3.txt,同期,981333
part3.zip:part3.txt,可能性,981398
part3.zip:part3.txt,確認,984147
part3.zip:part3.txt,通信,984404
part3.zip:part3.txt,遮断,984406
part3.zip:part3.txt,アクセス,986885
part3.zip:part3.txt,検証,987522
part3.zip:part3.txt,確認,995012
part3.zip:part3.txt,確認,995063
part3.zip:part3.txt,通信,995173
part3.zip:part3.txt,可能性,995300
part3.zip:part3.txt,確認,995537
